phase,par_blend,ability_bias_sec,transfer_strength,mae,score,w_surface_only,w_distance_only,w_both
2,,,,15.812950450450451,15.84230759730527,0.85,0.4,0.1
2,,,,15.816816816816816,15.845521857545283,0.65,0.4,0.1
2,,,,15.818155655655655,15.845994438939675,0.85,0.4,0.4
2,,,,15.817204704704704,15.846125062241615,0.85,0.4,0.25
2,,,,15.820883383383384,15.84936869868439,0.65,0.4,0.25
2,,,,15.82235985985986,15.849764061163475,0.65,0.4,0.4
2,,,,15.81991991991992,15.85077942586895,0.85,0.6,0.1
2,,,,15.824399399399399,15.852200355290377,0.45,0.4,0.1
2,,,,15.823936436436437,15.853886470813933,0.65,0.6,0.1
2,,,,15.823998998998999,15.854984594407725,0.85,0.6,0.25
2,,,,15.824712212212212,15.855255291279832,0.85,0.6,0.4
2,,,,15.82829079079079,15.855980584020214,0.45,0.4,0.25
2,,,,15.830893393393394,15.857205570827483,0.45,0.4,0.4
2,,,,15.827827827827827,15.857694961423121,0.65,0.6,0.25
2,,,,15.827802802802802,15.85783645184877,0.85,0.8,0.1
2,,,,15.829091591591592,15.858414952635925,0.65,0.6,0.4
2,,,,15.83136886886887,15.861103233892589,0.45,0.6,0.1
2,,,,15.831794294294294,15.861155517697823,0.65,0.8,0.1
2,,,,15.831669169169169,15.861216722657055,0.85,0.8,0.25
1,0.0,1.0,0.0,15.834284284284283,15.861786798801239,,,
1,0.0,1.0,0.5,15.834284284284283,15.861786798801239,,,
1,0.0,1.0,1.0,15.834284284284283,15.861786798801239,,,
2,,,,15.832219719719719,15.862019749519533,0.85,0.8,0.4
2,,,,15.837775275275275,15.86317726501661,0.25,0.4,0.1
2,,,,15.83546046046046,15.864190590016111,0.65,0.8,0.25
2,,,,15.835072572572573,15.864744575715749,0.45,0.6,0.25
2,,,,15.836524024024024,15.865388001776266,0.65,0.8,0.4
2,,,,15.837462462462462,15.866408622280257,0.45,0.6,0.4
2,,,,15.843068068068067,15.868201057647354,0.25,0.4,0.25
2,,,,15.8393018018018,15.868379159237643,0.45,0.8,0.1
2,,,,15.846784284284285,15.871048538868962,0.25,0.4,0.4
2,,,,15.842742742742743,15.871176291772539,0.45,0.8,0.25
2,,,,15.84491991991992,15.871384210643017,0.25,0.6,0.1
2,,,,15.84496996996997,15.873283247258977,0.45,0.8,0.4
2,,,,15.849987487487487,15.876064333487475,0.25,0.6,0.25
2,,,,15.852977977977979,15.878207820771527,0.25,0.8,0.1
2,,,,15.853478478478479,15.87950202113845,0.25,0.6,0.4
2,,,,15.857857857857859,15.88231735211882,0.25,0.8,0.25
2,,,,15.861161161161162,15.885969490735993,0.25,0.8,0.4
1,0.0,1.0,1.0,15.89217967967968,15.950712089413457,,,
1,0.0,1.0,0.0,15.89217967967968,15.950712089413457,,,
1,0.0,1.0,0.5,15.89217967967968,15.950712089413457,,,
1,0.0,1.0,0.0,15.917204704704705,15.992810049874448,,,
1,0.0,1.0,0.5,15.917204704704705,15.992810049874448,,,
1,0.0,1.0,1.0,15.917204704704705,15.992810049874448,,,
1,0.0,0.5,0.0,16.229817317317316,16.25755051024677,,,
1,0.0,0.5,0.5,16.229817317317316,16.25755051024677,,,
1,0.0,0.5,1.0,16.229817317317316,16.25755051024677,,,
1,0.0,0.5,1.0,16.29348098098098,16.35219321089458,,,
1,0.0,0.5,0.5,16.29348098098098,16.35219321089458,,,
1,0.0,0.5,0.0,16.29348098098098,16.35219321089458,,,
1,0.0,0.5,1.0,16.338075575575576,16.41386074092514,,,
1,0.0,0.5,0.5,16.338075575575576,16.41386074092514,,,
1,0.0,0.5,0.0,16.338075575575576,16.41386074092514,,,
1,0.0,0.0,0.5,17.69256756756757,17.720156911476167,,,
1,0.0,0.0,0.0,17.69256756756757,17.720156911476167,,,
1,0.0,0.0,1.0,17.69256756756757,17.720156911476167,,,
1,0.0,0.0,0.0,17.75668168168168,17.81535395155532,,,
1,0.0,0.0,0.5,17.75668168168168,17.81535395155532,,,
1,0.0,0.0,1.0,17.75668168168168,17.81535395155532,,,
1,0.0,0.0,0.0,17.810372872872872,17.886084582266626,,,
1,0.0,0.0,0.5,17.810372872872872,17.886084582266626,,,
1,0.0,0.0,1.0,17.810372872872872,17.886084582266626,,,
1,0.0,2.0,0.0,18.741754254254253,18.769450104846896,,,
1,0.0,2.0,0.5,18.741754254254253,18.769450104846896,,,
1,0.0,2.0,1.0,18.741754254254253,18.769450104846896,,,
1,0.0,2.0,1.0,18.792555055055054,18.851210870794592,,,
1,0.0,2.0,0.5,18.792555055055054,18.851210870794592,,,
1,0.0,2.0,0.0,18.792555055055054,18.851210870794592,,,
1,0.0,2.0,1.0,18.79097847847848,18.866583823648224,,,
1,0.0,2.0,0.5,18.79097847847848,18.866583823648224,,,
1,0.0,2.0,0.0,18.79097847847848,18.866583823648224,,,
1,0.0,-0.5,1.0,20.0494994994995,20.07725636819101,,,
1,0.0,-0.5,0.5,20.0494994994995,20.07725636819101,,,
1,0.0,-0.5,0.0,20.0494994994995,20.07725636819101,,,
1,0.0,-0.5,1.0,20.0985985985986,20.156910087062506,,,
1,0.0,-0.5,0.5,20.0985985985986,20.156910087062506,,,
1,0.0,-0.5,0.0,20.0985985985986,20.156910087062506,,,
1,0.0,-0.5,0.5,20.156956956956957,20.232573377024654,,,
1,0.0,-0.5,0.0,20.156956956956957,20.232573377024654,,,
1,0.0,-0.5,1.0,20.156956956956957,20.232573377024654,,,
1,0.0,-1.0,0.0,23.101951951951953,23.130385179797813,,,
1,0.0,-1.0,0.5,23.101951951951953,23.130385179797813,,,
1,0.0,-1.0,1.0,23.101951951951953,23.130385179797813,,,
1,0.0,-1.0,0.5,23.145095095095094,23.204342191212007,,,
1,0.0,-1.0,0.0,23.145095095095094,23.204342191212007,,,
1,0.0,-1.0,1.0,23.145095095095094,23.204342191212007,,,
1,0.0,-1.0,0.5,23.2015015015015,23.277514285112414,,,
1,0.0,-1.0,0.0,23.2015015015015,23.277514285112414,,,
1,0.0,-1.0,1.0,23.2015015015015,23.277514285112414,,,
1,0.25,1.0,0.0,25.092742742742743,25.22471580068064,,,
1,0.25,1.0,0.5,25.092742742742743,25.22471580068064,,,
1,0.25,1.0,1.0,25.092742742742743,25.22471580068064,,,
1,0.25,0.5,0.0,25.14816066066066,25.27963085457148,,,
1,0.25,0.5,0.5,25.14816066066066,25.27963085457148,,,
1,0.25,0.5,1.0,25.14816066066066,25.27963085457148,,,
1,0.25,1.0,1.0,25.242692692692692,25.39654661508068,,,
1,0.25,1.0,0.5,25.242692692692692,25.39654661508068,,,
1,0.25,1.0,0.0,25.242692692692692,25.39654661508068,,,
1,0.25,0.5,0.0,25.304592092092093,25.460507242130735,,,
1,0.25,0.5,0.5,25.304592092092093,25.460507242130735,,,
1,0.25,0.5,1.0,25.304592092092093,25.460507242130735,,,
1,0.25,1.0,0.0,25.381031031031032,25.537705035326766,,,
1,0.25,1.0,0.5,25.381031031031032,25.537705035326766,,,
1,0.25,1.0,1.0,25.381031031031032,25.537705035326766,,,
1,0.25,0.5,0.5,25.445945945945947,25.601802081482308,,,
1,0.25,0.5,0.0,25.445945945945947,25.601802081482308,,,
1,0.25,0.5,1.0,25.445945945945947,25.601802081482308,,,
1,0.25,0.0,0.0,25.713475975975975,25.84933151045499,,,
1,0.25,0.0,0.5,25.713475975975975,25.84933151045499,,,
1,0.25,0.0,1.0,25.713475975975975,25.84933151045499,,,
1,0.25,0.0,1.0,25.893868868868868,26.04916427723557,,,
1,0.25,0.0,0.5,25.893868868868868,26.04916427723557,,,
1,0.25,0.0,0.0,25.893868868868868,26.04916427723557,,,
1,0.25,0.0,0.0,26.033633633633634,26.189810211823897,,,
1,0.25,0.0,0.5,26.033633633633634,26.189810211823897,,,
1,0.25,0.0,1.0,26.033633633633634,26.189810211823897,,,
1,0.25,-0.5,1.0,26.73873873873874,26.876197959175077,,,
1,0.25,-0.5,0.5,26.73873873873874,26.876197959175077,,,
1,0.25,-0.5,0.0,26.73873873873874,26.876197959175077,,,
1,0.25,2.0,0.5,26.868781281281283,26.99571629226033,,,
1,0.25,2.0,1.0,26.868781281281283,26.99571629226033,,,
1,0.25,2.0,0.0,26.868781281281283,26.99571629226033,,,
1,0.25,-0.5,0.0,26.917692692692693,27.07492569495568,,,
1,0.25,-0.5,0.5,26.917692692692693,27.07492569495568,,,
1,0.25,-0.5,1.0,26.917692692692693,27.07492569495568,,,
1,0.25,2.0,1.0,26.93367117117117,27.0809953803718,,,
1,0.25,2.0,0.5,26.93367117117117,27.0809953803718,,,
1,0.25,2.0,0.0,26.93367117117117,27.0809953803718,,,
1,0.25,2.0,0.0,27.04259259259259,27.192502551505775,,,
1,0.25,2.0,1.0,27.04259259259259,27.192502551505775,,,
1,0.25,2.0,0.5,27.04259259259259,27.192502551505775,,,
1,0.25,-0.5,1.0,27.03484734734735,27.193321992997294,,,
1,0.25,-0.5,0.0,27.03484734734735,27.193321992997294,,,
1,0.25,-0.5,0.5,27.03484734734735,27.193321992997294,,,
1,0.25,-1.0,0.0,28.129642142142142,28.26966885397556,,,
1,0.25,-1.0,0.5,28.129642142142142,28.26966885397556,,,
1,0.25,-1.0,1.0,28.129642142142142,28.26966885397556,,,
1,0.25,-1.0,0.5,28.290352852852852,28.450615880219303,,,
1,0.25,-1.0,0.0,28.290352852852852,28.450615880219303,,,
1,0.25,-1.0,1.0,28.290352852852852,28.450615880219303,,,
1,0.25,-1.0,1.0,28.406794294294293,28.569759984849455,,,
1,0.25,-1.0,0.5,28.406794294294293,28.569759984849455,,,
1,0.25,-1.0,0.0,28.406794294294293,28.569759984849455,,,
1,0.0,-2.0,1.0,30.37351101101101,30.400310228738157,,,
1,0.0,-2.0,0.5,30.37351101101101,30.400310228738157,,,
1,0.0,-2.0,0.0,30.37351101101101,30.400310228738157,,,
1,0.0,-2.0,0.0,30.452127127127127,30.515044405710473,,,
1,0.0,-2.0,0.5,30.452127127127127,30.515044405710473,,,
1,0.0,-2.0,1.0,30.452127127127127,30.515044405710473,,,
1,0.0,-2.0,0.0,30.515628128128128,30.597695469448322,,,
1,0.0,-2.0,1.0,30.515628128128128,30.597695469448322,,,
1,0.0,-2.0,0.5,30.515628128128128,30.597695469448322,,,
1,0.25,-2.0,1.0,31.62474974974975,31.762314438123074,,,
1,0.25,-2.0,0.5,31.62474974974975,31.762314438123074,,,
1,0.25,-2.0,0.0,31.62474974974975,31.762314438123074,,,
1,0.25,-2.0,0.5,31.766303803803805,31.92031257664563,,,
1,0.25,-2.0,1.0,31.766303803803805,31.92031257664563,,,
1,0.25,-2.0,0.0,31.766303803803805,31.92031257664563,,,
1,0.25,-2.0,1.0,31.848123123123123,32.00668582464757,,,
1,0.25,-2.0,0.5,31.848123123123123,32.00668582464757,,,
1,0.25,-2.0,0.0,31.848123123123123,32.00668582464757,,,
1,0.5,0.5,0.5,33.1253003003003,33.24775134280244,,,
1,0.5,0.5,0.0,33.1253003003003,33.24775134280244,,,
1,0.5,0.5,1.0,33.1253003003003,33.24775134280244,,,
1,0.5,1.0,0.0,33.2491991991992,33.369992557767134,,,
1,0.5,1.0,0.5,33.2491991991992,33.369992557767134,,,
1,0.5,1.0,1.0,33.2491991991992,33.369992557767134,,,
1,0.5,0.0,0.0,33.302990490490494,33.43214229583945,,,
1,0.5,0.0,1.0,33.302990490490494,33.43214229583945,,,
1,0.5,0.0,0.5,33.302990490490494,33.43214229583945,,,
1,0.5,0.5,1.0,33.455392892892895,33.59316610072673,,,
1,0.5,0.5,0.5,33.455392892892895,33.59316610072673,,,
1,0.5,0.5,0.0,33.455392892892895,33.59316610072673,,,
1,0.5,1.0,0.0,33.57087087087087,33.7063416218754,,,
1,0.5,1.0,1.0,33.57087087087087,33.7063416218754,,,
1,0.5,1.0,0.5,33.57087087087087,33.7063416218754,,,
1,0.5,0.0,0.0,33.59552052052052,33.734493626913576,,,
1,0.5,0.0,0.5,33.59552052052052,33.734493626913576,,,
1,0.5,0.0,1.0,33.59552052052052,33.734493626913576,,,
1,0.5,0.5,1.0,33.62107107107107,33.75958193293143,,,
1,0.5,0.5,0.0,33.62107107107107,33.75958193293143,,,
1,0.5,0.5,0.5,33.62107107107107,33.75958193293143,,,
1,0.5,-0.5,1.0,33.72382382382382,33.85625484088603,,,
1,0.5,-0.5,0.5,33.72382382382382,33.85625484088603,,,
1,0.5,-0.5,0.0,33.72382382382382,33.85625484088603,,,
1,0.5,1.0,0.0,33.742992992992995,33.880126378994724,,,
1,0.5,1.0,1.0,33.742992992992995,33.880126378994724,,,
1,0.5,1.0,0.5,33.742992992992995,33.880126378994724,,,
1,0.5,0.0,1.0,33.763563563563565,33.90886233870213,,,
1,0.5,0.0,0.0,33.763563563563565,33.90886233870213,,,
1,0.5,0.0,0.5,33.763563563563565,33.90886233870213,,,
1,0.5,-0.5,0.5,33.98965215215215,34.136553474577084,,,
1,0.5,-0.5,0.0,33.98965215215215,34.136553474577084,,,
1,0.5,-0.5,1.0,33.98965215215215,34.136553474577084,,,
1,0.5,-0.5,0.5,34.15860860860861,34.303199865929955,,,
1,0.5,-0.5,0.0,34.15860860860861,34.303199865929955,,,
1,0.5,-0.5,1.0,34.15860860860861,34.303199865929955,,,
1,0.5,-1.0,0.5,34.331381381381384,34.46413579065466,,,
1,0.5,-1.0,0.0,34.331381381381384,34.46413579065466,,,
1,0.5,-1.0,1.0,34.331381381381384,34.46413579065466,,,
1,0.5,2.0,0.0,34.5238988988989,34.64519712573936,,,
1,0.5,2.0,0.5,34.5238988988989,34.64519712573936,,,
1,0.5,2.0,1.0,34.5238988988989,34.64519712573936,,,
1,0.5,-1.0,0.0,34.56737987987988,34.7154474513855,,,
1,0.5,-1.0,0.5,34.56737987987988,34.7154474513855,,,
1,0.5,-1.0,1.0,34.56737987987988,34.7154474513855,,,
1,0.5,-1.0,0.0,34.71768018018018,34.86784645440045,,,
1,0.5,-1.0,1.0,34.71768018018018,34.86784645440045,,,
1,0.5,-1.0,0.5,34.71768018018018,34.86784645440045,,,
1,0.5,2.0,0.0,34.76836836836837,34.897800582073245,,,
1,0.5,2.0,1.0,34.76836836836837,34.897800582073245,,,
1,0.5,2.0,0.5,34.76836836836837,34.897800582073245,,,
1,0.5,2.0,0.0,34.93883883883884,35.06907589060764,,,
1,0.5,2.0,0.5,34.93883883883884,35.06907589060764,,,
1,0.5,2.0,1.0,34.93883883883884,35.06907589060764,,,
1,0.5,-2.0,0.5,36.0014014014014,36.135709482633644,,,
1,0.5,-2.0,0.0,36.0014014014014,36.135709482633644,,,
1,0.5,-2.0,1.0,36.0014014014014,36.135709482633644,,,
1,0.5,-2.0,0.5,36.10198948948949,36.248347296238514,,,
1,0.5,-2.0,0.0,36.10198948948949,36.248347296238514,,,
1,0.5,-2.0,1.0,36.10198948948949,36.248347296238514,,,
1,0.5,-2.0,0.0,36.17947947947948,36.32966337822668,,,
1,0.5,-2.0,0.5,36.17947947947948,36.32966337822668,,,
1,0.5,-2.0,1.0,36.17947947947948,36.32966337822668,,,
1,0.75,0.5,0.0,37.309296796796794,37.425162339381686,,,
1,0.75,0.5,1.0,37.309296796796794,37.425162339381686,,,
1,0.75,0.5,0.5,37.309296796796794,37.425162339381686,,,
1,0.75,1.0,0.0,37.37384884884885,37.48612250070595,,,
1,0.75,1.0,0.5,37.37384884884885,37.48612250070595,,,
1,0.75,1.0,1.0,37.37384884884885,37.48612250070595,,,
1,0.75,0.0,0.5,37.49496996996997,37.613799885570984,,,
1,0.75,0.0,1.0,37.49496996996997,37.613799885570984,,,
1,0.75,0.0,0.0,37.49496996996997,37.613799885570984,,,
1,0.75,0.5,0.0,37.79146646646647,37.920165836261766,,,
1,0.75,0.5,0.5,37.79146646646647,37.920165836261766,,,
1,0.75,0.5,1.0,37.79146646646647,37.920165836261766,,,
1,0.75,-0.5,0.5,37.899662162162166,38.018303501842496,,,
1,0.75,-0.5,0.0,37.899662162162166,38.018303501842496,,,
1,0.75,-0.5,1.0,37.899662162162166,38.018303501842496,,,
1,0.75,1.0,1.0,37.9001001001001,38.02354181451953,,,
1,0.75,1.0,0.0,37.9001001001001,38.02354181451953,,,
1,0.75,1.0,0.5,37.9001001001001,38.02354181451953,,,
1,0.75,0.0,1.0,37.89608358358358,38.029033253584934,,,
1,0.75,0.0,0.5,37.89608358358358,38.029033253584934,,,
1,0.75,0.0,0.0,37.89608358358358,38.029033253584934,,,
1,0.75,0.5,0.0,38.00372872872873,38.132336147348056,,,
1,0.75,0.5,0.5,38.00372872872873,38.132336147348056,,,
1,0.75,0.5,1.0,38.00372872872873,38.132336147348056,,,
1,0.75,0.0,1.0,38.099286786786784,38.2326135563605,,,
1,0.75,0.0,0.5,38.099286786786784,38.2326135563605,,,
1,0.75,0.0,0.0,38.099286786786784,38.2326135563605,,,
1,0.75,1.0,0.0,38.11336336336336,38.23662359580955,,,
1,0.75,1.0,0.5,38.11336336336336,38.23662359580955,,,
1,0.75,1.0,1.0,38.11336336336336,38.23662359580955,,,
1,0.75,-0.5,1.0,38.21138638638639,38.34833165398332,,,
1,0.75,-0.5,0.0,38.21138638638639,38.34833165398332,,,
1,0.75,-0.5,0.5,38.21138638638639,38.34833165398332,,,
1,0.75,2.0,1.0,38.38383383383383,38.48765743429538,,,
1,0.75,2.0,0.5,38.38383383383383,38.48765743429538,,,
1,0.75,2.0,0.0,38.38383383383383,38.48765743429538,,,
1,0.75,-0.5,0.5,38.39680930930931,38.53409309071659,,,
1,0.75,-0.5,0.0,38.39680930930931,38.53409309071659,,,
1,0.75,-0.5,1.0,38.39680930930931,38.53409309071659,,,
1,0.75,-1.0,0.0,38.447497497497494,38.559658401825146,,,
1,0.75,-1.0,1.0,38.447497497497494,38.559658401825146,,,
1,0.75,-1.0,0.5,38.447497497497494,38.559658401825146,,,
1,0.75,-1.0,1.0,38.66541541541542,38.797277403117754,,,
1,0.75,-1.0,0.5,38.66541541541542,38.797277403117754,,,
1,0.75,-1.0,0.0,38.66541541541542,38.797277403117754,,,
1,0.75,-1.0,0.0,38.82752752752753,38.96158275798558,,,
1,0.75,-1.0,0.5,38.82752752752753,38.96158275798558,,,
1,0.75,-1.0,1.0,38.82752752752753,38.96158275798558,,,
1,0.75,2.0,0.5,38.87723973973974,38.99234362652174,,,
1,0.75,2.0,1.0,38.87723973973974,38.99234362652174,,,
1,0.75,2.0,0.0,38.87723973973974,38.99234362652174,,,
1,0.75,2.0,0.0,39.063626126126124,39.18066236454906,,,
1,0.75,2.0,0.5,39.063626126126124,39.18066236454906,,,
1,0.75,2.0,1.0,39.063626126126124,39.18066236454906,,,
1,0.75,-2.0,0.0,39.734109109109106,39.847360365852104,,,
1,0.75,-2.0,1.0,39.734109109109106,39.847360365852104,,,
1,0.75,-2.0,0.5,39.734109109109106,39.847360365852104,,,
1,0.75,-2.0,0.5,39.77283533533534,39.90096531306002,,,
1,0.75,-2.0,0.0,39.77283533533534,39.90096531306002,,,
1,0.75,-2.0,1.0,39.77283533533534,39.90096531306002,,,
1,0.75,-2.0,1.0,39.846909409409406,39.979977831601865,,,
1,0.75,-2.0,0.5,39.846909409409406,39.979977831601865,,,
1,0.75,-2.0,0.0,39.846909409409406,39.979977831601865,,,
1,1.0,0.5,1.0,39.90419169169169,40.00561549279983,,,
1,1.0,0.5,0.0,39.90419169169169,40.00561549279983,,,
1,1.0,0.5,0.5,39.90419169169169,40.00561549279983,,,
1,1.0,1.0,0.5,39.946571571571575,40.045818753986396,,,
1,1.0,1.0,1.0,39.946571571571575,40.045818753986396,,,
1,1.0,1.0,0.0,39.946571571571575,40.045818753986396,,,
1,1.0,0.0,1.0,40.075838338338336,40.17649174001471,,,
1,1.0,0.0,0.5,40.075838338338336,40.17649174001471,,,
1,1.0,0.0,0.0,40.075838338338336,40.17649174001471,,,
1,1.0,-0.5,1.0,40.40474224224224,40.50814119969,,,
1,1.0,-0.5,0.5,40.40474224224224,40.50814119969,,,
1,1.0,-0.5,0.0,40.40474224224224,40.50814119969,,,
1,1.0,0.5,0.5,40.50995995995996,40.62687822229618,,,
1,1.0,0.5,1.0,40.50995995995996,40.62687822229618,,,
1,1.0,0.5,0.0,40.50995995995996,40.62687822229618,,,
1,1.0,1.0,1.0,40.58468468468468,40.70454698119943,,,
1,1.0,1.0,0.5,40.58468468468468,40.70454698119943,,,
1,1.0,1.0,0.0,40.58468468468468,40.70454698119943,,,
1,1.0,0.0,1.0,40.600175175175174,40.715627051522716,,,
1,1.0,0.0,0.5,40.600175175175174,40.715627051522716,,,
1,1.0,0.0,0.0,40.600175175175174,40.715627051522716,,,
1,1.0,0.5,1.0,40.70417917917918,40.82431058738718,,,
1,1.0,0.5,0.5,40.70417917917918,40.82431058738718,,,
1,1.0,0.5,0.0,40.70417917917918,40.82431058738718,,,
1,1.0,2.0,1.0,40.77087087087087,40.87168556081046,,,
1,1.0,2.0,0.5,40.77087087087087,40.87168556081046,,,
1,1.0,2.0,0.0,40.77087087087087,40.87168556081046,,,
1,1.0,0.0,0.5,40.79115365365365,40.90381111887277,,,
1,1.0,0.0,0.0,40.79115365365365,40.90381111887277,,,
1,1.0,0.0,1.0,40.79115365365365,40.90381111887277,,,
1,1.0,1.0,1.0,40.786574074074075,40.90655104334741,,,
1,1.0,1.0,0.0,40.786574074074075,40.90655104334741,,,
1,1.0,1.0,0.5,40.786574074074075,40.90655104334741,,,
1,1.0,-1.0,0.0,40.847472472472475,40.955978962626546,,,
1,1.0,-1.0,0.5,40.847472472472475,40.955978962626546,,,
1,1.0,-1.0,1.0,40.847472472472475,40.955978962626546,,,
1,1.0,-0.5,0.0,40.844644644644646,40.95646003241492,,,
1,1.0,-0.5,1.0,40.844644644644646,40.95646003241492,,,
1,1.0,-0.5,0.5,40.844644644644646,40.95646003241492,,,
1,1.0,-0.5,0.0,41.01552802802803,41.12792642664458,,,
1,1.0,-0.5,0.5,41.01552802802803,41.12792642664458,,,
1,1.0,-0.5,1.0,41.01552802802803,41.12792642664458,,,
1,1.0,-1.0,1.0,41.19129129129129,41.30319118093307,,,
1,1.0,-1.0,0.5,41.19129129129129,41.30319118093307,,,
1,1.0,-1.0,0.0,41.19129129129129,41.30319118093307,,,
1,1.0,-1.0,1.0,41.34227977977978,41.456864907210175,,,
1,1.0,-1.0,0.0,41.34227977977978,41.456864907210175,,,
1,1.0,-1.0,0.5,41.34227977977978,41.456864907210175,,,
1,1.0,2.0,0.5,41.37433683683684,41.4863914302188,,,
1,1.0,2.0,1.0,41.37433683683684,41.4863914302188,,,
1,1.0,2.0,0.0,41.37433683683684,41.4863914302188,,,
1,1.0,2.0,1.0,41.584334334334336,41.701802644023736,,,
1,1.0,2.0,0.5,41.584334334334336,41.701802644023736,,,
1,1.0,2.0,0.0,41.584334334334336,41.701802644023736,,,
1,1.0,-2.0,1.0,41.935748248248245,42.04105432208449,,,
1,1.0,-2.0,0.5,41.935748248248245,42.04105432208449,,,
1,1.0,-2.0,0.0,41.935748248248245,42.04105432208449,,,
1,1.0,-2.0,0.0,42.07110860860861,42.18662491582359,,,
1,1.0,-2.0,0.5,42.07110860860861,42.18662491582359,,,
1,1.0,-2.0,1.0,42.07110860860861,42.18662491582359,,,
1,1.0,-2.0,0.5,42.17657657657658,42.29051282810425,,,
1,1.0,-2.0,1.0,42.17657657657658,42.29051282810425,,,
1,1.0,-2.0,0.0,42.17657657657658,42.29051282810425,,,
