sire,n_runners,sire_line,avg_distance,dist_sprint_rate,dist_sprint_top3,dist_mile_rate,dist_mile_top3,dist_middle_rate,dist_middle_top3,dist_long_rate,dist_long_top3,surf_芝_rate,surf_芝_top3,surf_ダート_rate,surf_ダート_top3,tc_良_rate,tc_良_top3,tc_稍重_rate,tc_稍重_top3,tc_重_rate,tc_重_top3,tc_不良_rate,tc_不良_top3,venue_札幌_rate,venue_札幌_top3,venue_函館_rate,venue_函館_top3,venue_福島_rate,venue_福島_top3,venue_新潟_rate,venue_新潟_top3,venue_東京_rate,venue_東京_top3,venue_中山_rate,venue_中山_top3,venue_中京_rate,venue_中京_top3,venue_京都_rate,venue_京都_top3,venue_阪神_rate,venue_阪神_top3,venue_小倉_rate,venue_小倉_top3,overall_top3_rate,overall_win_rate,mstn_allele_c,mstn_allele_t,line_その他,line_エーピーインディ系,line_キングカメハメハ系,line_サドラーズウェルズ系,line_サンデーサイレンス系,line_ストームキャット系,line_デインヒル系,line_デピュティミニスター系,line_ノーザンダンサー系,line_ミスタープロスペクター系,line_ロベルト系
Into Mischief,22,ストームキャット系,1200.0,1.0,0.0,0.0,0.0,0.0,0.0,0.0,0.0,0.09090909090909091,0.0,0.0,0.0,0.9545454545454546,0.23809523809523808,0.045454545454545456,0.0,0.0,0.0,0.0,0.0,0.0,0.0,0.0,0.0,0.0,0.0,0.0,0.0,0.045454545454545456,0.0,0.22727272727272727,0.2,0.09090909090909091,0.0,0.3181818181818182,0.14285714285714285,0.2727272727272727,0.16666666666666666,0.045454545454545456,0.0,0.2727272727272727,0.09090909090909091,0.4,0.6,0.0,0.0,0.0,0.0,0.0,1.0,0.0,0.0,0.0,0.0,0.0
アジアエクスプレス,55,その他,1520.0,0.4,0.0,0.2,0.0,0.4,0.0,0.0,0.0,0.09090909090909091,0.4,0.0,0.0,0.8909090909090909,0.1836734693877551,0.07272727272727272,0.0,0.03636363636363636,0.0,0.0,0.0,0.0,0.0,0.0,0.0,0.0,0.0,0.0,0.0,0.07272727272727272,0.0,0.43636363636363634,0.20833333333333334,0.12727272727272726,0.2857142857142857,0.2,0.09090909090909091,0.09090909090909091,0.2,0.07272727272727272,0.0,0.18181818181818182,0.09090909090909091,0.4,0.6,1.0,0.0,0.0,0.0,0.0,0.0,0.0,0.0,0.0,0.0,0.0
アドマイヤマーズ,64,サンデーサイレンス系,1768.421052631579,0.21052631578947367,0.0,0.15789473684210525,0.0,0.5263157894736842,0.1,0.10526315789473684,0.0,0.296875,0.15789473684210525,0.0,0.0,0.9375,0.15,0.015625,0.0,0.046875,0.0,0.0,0.0,0.0,0.0,0.0,0.0,0.0,0.0,0.0,0.0,0.046875,0.0,0.453125,0.20689655172413793,0.078125,0.6,0.171875,0.09090909090909091,0.15625,0.0,0.09375,0.16666666666666666,0.171875,0.078125,0.4,0.6,0.0,0.0,0.0,0.0,1.0,0.0,0.0,0.0,0.0,0.0,0.0
アニマルキングダムAnimal Kingdom(米),28,デピュティミニスター系,1896.25,0.125,0.0,0.25,0.0,0.5,0.0,0.125,0.0,0.25,0.2857142857142857,0.03571428571428571,0.0,0.8928571428571429,0.32,0.07142857142857142,0.0,0.03571428571428571,0.0,0.0,0.0,0.0,0.0,0.0,0.0,0.0,0.0,0.0,0.0,0.0,0.0,0.2857142857142857,0.5,0.14285714285714285,0.0,0.17857142857142858,0.4,0.2857142857142857,0.25,0.10714285714285714,0.0,0.32142857142857145,0.10714285714285714,0.4,0.6,0.0,0.0,0.0,0.0,0.0,0.0,0.0,1.0,0.0,0.0,0.0
アメリカンペイトリオット,71,ミスタープロスペクター系,1827.0588235294117,0.17647058823529413,0.0,0.23529411764705882,0.0,0.4117647058823529,0.0,0.17647058823529413,0.0,0.23943661971830985,0.17647058823529413,0.0,0.0,0.8169014084507042,0.1724137931034483,0.15492957746478872,0.09090909090909091,0.028169014084507043,0.0,0.0,0.0,0.0,0.0,0.0,0.0,0.0,0.0,0.0,0.0,0.0,0.0,0.39436619718309857,0.07142857142857142,0.14084507042253522,0.1,0.18309859154929578,0.07692307692307693,0.1267605633802817,0.3333333333333333,0.15492957746478872,0.36363636363636365,0.15492957746478872,0.028169014084507043,0.4,0.6,0.0,0.0,0.0,0.0,0.0,0.0,0.0,0.0,0.0,1.0,0.0
アルアイン,59,サンデーサイレンス系,1872.5,0.1875,0.0,0.125,0.0,0.5625,0.3333333333333333,0.125,0.0,0.2711864406779661,0.3125,0.0,0.0,0.9491525423728814,0.17857142857142858,0.05084745762711865,0.0,0.0,0.0,0.0,0.0,0.0,0.0,0.0,0.0,0.0,0.0,0.0,0.0,0.01694915254237288,0.0,0.4576271186440678,0.18518518518518517,0.0847457627118644,0.2,0.13559322033898305,0.125,0.1864406779661017,0.18181818181818182,0.11864406779661017,0.14285714285714285,0.1694915254237288,0.03389830508474576,0.4,0.6,0.0,0.0,0.0,0.0,1.0,0.0,0.0,0.0,0.0,0.0,0.0
イスラボニータ,94,サンデーサイレンス系,1682.3333333333333,0.3,0.2222222222222222,0.2,0.3333333333333333,0.43333333333333335,0.15384615384615385,0.06666666666666667,0.0,0.30851063829787234,0.20689655172413793,0.010638297872340425,0.0,0.8085106382978723,0.27631578947368424,0.18085106382978725,0.23529411764705882,0.010638297872340425,0.0,0.0,0.0,0.0,0.0,0.0,0.0,0.0,0.0,0.0,0.0,0.0,0.0,0.5,0.2978723404255319,0.09574468085106383,0.4444444444444444,0.13829787234042554,0.07692307692307693,0.14893617021276595,0.2857142857142857,0.11702127659574468,0.18181818181818182,0.26595744680851063,0.07446808510638298,0.5,0.5,0.0,0.0,0.0,0.0,1.0,0.0,0.0,0.0,0.0,0.0,0.0
インディチャンプ,31,サンデーサイレンス系,1575.0,0.375,0.0,0.25,0.0,0.375,0.0,0.0,0.0,0.25806451612903225,0.375,0.0,0.0,0.8387096774193549,0.3076923076923077,0.0967741935483871,0.0,0.06451612903225806,0.0,0.0,0.0,0.0,0.0,0.0,0.0,0.0,0.0,0.0,0.0,0.03225806451612903,0.0,0.4838709677419355,0.5333333333333333,0.0,0.0,0.1935483870967742,0.16666666666666666,0.1935483870967742,0.3333333333333333,0.0967741935483871,0.0,0.3870967741935484,0.12903225806451613,0.4,0.6,0.0,0.0,0.0,0.0,1.0,0.0,0.0,0.0,0.0,0.0,0.0
ウインブライト,44,サンデーサイレンス系,1813.0434782608695,0.08695652173913043,0.0,0.21739130434782608,0.0,0.6521739130434783,0.13333333333333333,0.043478260869565216,0.0,0.5227272727272727,0.08695652173913043,0.0,0.0,0.9318181818181818,0.12195121951219512,0.06818181818181818,0.0,0.0,0.0,0.0,0.0,0.0,0.0,0.0,0.0,0.0,0.0,0.0,0.0,0.0,0.0,0.5,0.09090909090909091,0.1590909090909091,0.2857142857142857,0.11363636363636363,0.2,0.06818181818181818,0.0,0.1590909090909091,0.0,0.11363636363636363,0.0,0.4,0.6,0.0,0.0,0.0,0.0,1.0,0.0,0.0,0.0,0.0,0.0,0.0
エイシンヒカリ,31,サンデーサイレンス系,2020.0,0.38461538461538464,0.0,0.07692307692307693,0.0,0.23076923076923078,0.0,0.3076923076923077,0.0,0.3870967741935484,0.25,0.03225806451612903,0.0,0.9032258064516129,0.17857142857142858,0.06451612903225806,0.0,0.03225806451612903,0.0,0.0,0.0,0.0,0.0,0.0,0.0,0.0,0.0,0.0,0.0,0.0,0.0,0.12903225806451613,0.0,0.12903225806451613,0.0,0.25806451612903225,0.125,0.25806451612903225,0.125,0.22580645161290322,0.2857142857142857,0.1935483870967742,0.0,0.4,0.6,0.0,0.0,0.0,0.0,1.0,0.0,0.0,0.0,0.0,0.0,0.0
エイシンフラッシュ,24,サンデーサイレンス系,1866.6666666666667,0.0,0.0,0.2222222222222222,0.0,0.7777777777777778,0.14285714285714285,0.0,0.0,0.375,0.1111111111111111,0.0,0.0,0.9166666666666666,0.18181818181818182,0.0,0.0,0.041666666666666664,0.0,0.041666666666666664,0.0,0.0,0.0,0.0,0.0,0.0,0.0,0.0,0.0,0.041666666666666664,0.0,0.6666666666666666,0.25,0.125,0.0,0.0,0.0,0.08333333333333333,0.0,0.08333333333333333,0.0,0.16666666666666666,0.08333333333333333,0.4,0.6,0.0,0.0,0.0,0.0,1.0,0.0,0.0,0.0,0.0,0.0,0.0
エスポワールシチー,38,サンデーサイレンス系,2880.0,0.0,0.0,0.0,0.0,0.0,0.0,1.0,0.0,0.0,0.0,0.02631578947368421,0.0,0.7368421052631579,0.2857142857142857,0.13157894736842105,0.4,0.13157894736842105,0.2,0.0,0.0,0.0,0.0,0.0,0.0,0.0,0.0,0.0,0.0,0.0,0.0,0.6842105263157895,0.2692307692307692,0.07894736842105263,0.0,0.10526315789473684,0.0,0.13157894736842105,0.4,0.0,0.0,0.2894736842105263,0.18421052631578946,0.4,0.6,0.0,0.0,0.0,0.0,1.0,0.0,0.0,0.0,0.0,0.0,0.0
エピファネイア,190,ロベルト系,1938.4,0.04,0.0,0.21,0.19047619047619047,0.61,0.39344262295081966,0.14,0.2857142857142857,0.5105263157894737,0.31958762886597936,0.015789473684210527,0.0,0.9052631578947369,0.31976744186046513,0.07894736842105263,0.26666666666666666,0.015789473684210527,0.0,0.0,0.0,0.0,0.0,0.0,0.0,0.0,0.0,0.0,0.0,0.021052631578947368,0.0,0.33157894736842103,0.3968253968253968,0.1736842105263158,0.12121212121212122,0.22631578947368422,0.37209302325581395,0.1631578947368421,0.2903225806451613,0.08421052631578947,0.3125,0.3157894736842105,0.1,0.5,0.5,0.0,0.0,0.0,0.0,0.0,0.0,0.0,0.0,0.0,0.0,1.0
オルフェーヴル,95,サンデーサイレンス系,1953.142857142857,0.11428571428571428,0.0,0.14285714285714285,0.0,0.5428571428571428,0.2631578947368421,0.2,0.2857142857142857,0.3684210526315789,0.22857142857142856,0.0,0.0,0.8315789473684211,0.24050632911392406,0.1368421052631579,0.15384615384615385,0.031578947368421054,0.0,0.0,0.0,0.0,0.0,0.0,0.0,0.0,0.0,0.0,0.0,0.0,0.0,0.3684210526315789,0.22857142857142856,0.11578947368421053,0.0,0.24210526315789474,0.17391304347826086,0.1368421052631579,0.46153846153846156,0.12631578947368421,0.25,0.23157894736842105,0.11578947368421053,0.05,0.95,0.0,0.0,0.0,0.0,1.0,0.0,0.0,0.0,0.0,0.0,0.0
カリフォルニアクロームCalifornia Chrome(米),64,ミスタープロスペクター系,1854.5454545454545,0.0,0.0,0.2727272727272727,0.0,0.7272727272727273,0.125,0.0,0.0,0.171875,0.09090909090909091,0.0,0.0,0.890625,0.24561403508771928,0.046875,0.0,0.046875,0.0,0.015625,0.0,0.0,0.0,0.0,0.0,0.0,0.0,0.0,0.0,0.03125,0.0,0.296875,0.21052631578947367,0.09375,0.3333333333333333,0.3125,0.35,0.171875,0.18181818181818182,0.09375,0.0,0.234375,0.078125,0.4,0.6,0.0,0.0,0.0,0.0,0.0,0.0,0.0,0.0,0.0,1.0,0.0
カレンブラックヒル,37,ミスタープロスペクター系,1946.6666666666667,0.16666666666666666,0.0,0.16666666666666666,0.0,0.5,0.0,0.16666666666666666,0.0,0.13513513513513514,0.2,0.02702702702702703,0.0,0.8648648648648649,0.125,0.10810810810810811,0.0,0.0,0.0,0.02702702702702703,0.0,0.0,0.0,0.0,0.0,0.0,0.0,0.0,0.0,0.02702702702702703,0.0,0.3783783783783784,0.14285714285714285,0.10810810810810811,0.0,0.16216216216216217,0.16666666666666666,0.1891891891891892,0.0,0.13513513513513514,0.0,0.10810810810810811,0.08108108108108109,0.4,0.6,0.0,0.0,0.0,0.0,0.0,0.0,0.0,0.0,0.0,1.0,0.0
キズナ,212,サンデーサイレンス系,2015.764705882353,0.011764705882352941,0.0,0.16470588235294117,0.21428571428571427,0.6470588235294118,0.36363636363636365,0.17647058823529413,0.4,0.3915094339622642,0.3493975903614458,0.009433962264150943,0.0,0.9245283018867925,0.3163265306122449,0.05188679245283019,0.2727272727272727,0.02358490566037736,0.4,0.0,0.0,0.0,0.0,0.0,0.0,0.0,0.0,0.0,0.0,0.0330188679245283,0.42857142857142855,0.2641509433962264,0.16071428571428573,0.15566037735849056,0.42424242424242425,0.25471698113207547,0.3148148148148148,0.18396226415094338,0.358974358974359,0.09433962264150944,0.35,0.3160377358490566,0.12735849056603774,0.5,0.5,0.0,0.0,0.0,0.0,1.0,0.0,0.0,0.0,0.0,0.0,0.0
キセキ,31,キングカメハメハ系,1933.3333333333333,0.1111111111111111,0.0,0.0,0.0,0.7777777777777778,0.14285714285714285,0.1111111111111111,0.0,0.2903225806451613,0.1111111111111111,0.0,0.0,0.8387096774193549,0.11538461538461539,0.12903225806451613,0.0,0.03225806451612903,0.0,0.0,0.0,0.0,0.0,0.0,0.0,0.0,0.0,0.0,0.0,0.0,0.0,0.4838709677419355,0.06666666666666667,0.0967741935483871,0.0,0.0967741935483871,0.0,0.1935483870967742,0.3333333333333333,0.12903225806451613,0.0,0.12903225806451613,0.0,0.4,0.6,0.0,0.0,1.0,0.0,0.0,0.0,0.0,0.0,0.0,0.0,0.0
キタサンブラック,151,サンデーサイレンス系,2058.3783783783783,0.05405405405405406,0.0,0.13513513513513514,0.4,0.581081081081081,0.27906976744186046,0.22972972972972974,0.5294117647058824,0.4503311258278146,0.3088235294117647,0.039735099337748346,0.6666666666666666,0.9205298013245033,0.33093525179856115,0.059602649006622516,0.6666666666666666,0.019867549668874173,0.0,0.0,0.0,0.0,0.0,0.0,0.0,0.0,0.0,0.0,0.0,0.033112582781456956,0.6,0.32450331125827814,0.3469387755102041,0.10596026490066225,0.5,0.26490066225165565,0.3,0.16556291390728478,0.32,0.10596026490066225,0.3125,0.3509933774834437,0.1456953642384106,0.5,0.5,0.0,0.0,0.0,0.0,1.0,0.0,0.0,0.0,0.0,0.0,0.0
キングカメハメハ,38,キングカメハメハ系,2119.0476190476193,0.047619047619047616,0.0,0.0,0.0,0.6190476190476191,0.3076923076923077,0.3333333333333333,0.0,0.5263157894736842,0.2,0.02631578947368421,0.0,0.8421052631578947,0.1875,0.10526315789473684,0.0,0.05263157894736842,0.0,0.0,0.0,0.0,0.0,0.0,0.0,0.0,0.0,0.0,0.0,0.02631578947368421,0.0,0.47368421052631576,0.3888888888888889,0.2631578947368421,0.1,0.07894736842105263,0.0,0.10526315789473684,0.0,0.05263157894736842,0.0,0.21052631578947367,0.05263157894736842,0.5,0.5,0.0,0.0,1.0,0.0,0.0,0.0,0.0,0.0,0.0,0.0,0.0
キンシャサノキセキ,38,サンデーサイレンス系,2206.25,0.25,0.0,0.0,0.0,0.375,0.0,0.375,0.0,0.13157894736842105,0.4,0.07894736842105263,0.0,0.8421052631578947,0.34375,0.10526315789473684,0.0,0.05263157894736842,0.0,0.0,0.0,0.0,0.0,0.0,0.0,0.0,0.0,0.0,0.0,0.0,0.0,0.23684210526315788,0.6666666666666666,0.15789473684210525,0.3333333333333333,0.34210526315789475,0.23076923076923078,0.13157894736842105,0.0,0.13157894736842105,0.2,0.3157894736842105,0.15789473684210525,0.4,0.6,0.0,0.0,0.0,0.0,1.0,0.0,0.0,0.0,0.0,0.0,0.0
クリソベリル,70,サンデーサイレンス系,1800.0,0.0,0.0,0.0,0.0,0.0,0.0,0.0,0.0,0.0,0.0,0.0,0.0,0.8571428571428571,0.26666666666666666,0.11428571428571428,0.25,0.014285714285714285,0.0,0.014285714285714285,0.0,0.0,0.0,0.0,0.0,0.0,0.0,0.0,0.0,0.02857142857142857,0.0,0.24285714285714285,0.35294117647058826,0.014285714285714285,0.0,0.35714285714285715,0.2,0.3142857142857143,0.2727272727272727,0.04285714285714286,0.0,0.2571428571428571,0.1,0.4,0.6,0.0,0.0,0.0,0.0,1.0,0.0,0.0,0.0,0.0,0.0,0.0
グレーターロンドン,37,サンデーサイレンス系,1738.3333333333333,0.3333333333333333,0.0,0.08333333333333333,0.0,0.5,0.0,0.08333333333333333,0.0,0.32432432432432434,0.16666666666666666,0.0,0.0,0.918918918918919,0.23529411764705882,0.05405405405405406,0.0,0.02702702702702703,0.0,0.0,0.0,0.0,0.0,0.0,0.0,0.0,0.0,0.0,0.0,0.0,0.0,0.4594594594594595,0.17647058823529413,0.08108108108108109,0.0,0.24324324324324326,0.2222222222222222,0.08108108108108109,0.0,0.13513513513513514,0.2,0.21621621621621623,0.02702702702702703,0.4,0.6,0.0,0.0,0.0,0.0,1.0,0.0,0.0,0.0,0.0,0.0,0.0
コパノリッキー,52,サンデーサイレンス系,1916.6666666666667,0.0,0.0,0.3333333333333333,0.0,0.5,0.0,0.16666666666666666,0.0,0.11538461538461539,0.0,0.0,0.0,0.9038461538461539,0.19148936170212766,0.057692307692307696,0.0,0.038461538461538464,0.0,0.0,0.0,0.0,0.0,0.0,0.0,0.0,0.0,0.0,0.0,0.0,0.0,0.5192307692307693,0.18518518518518517,0.1346153846153846,0.42857142857142855,0.17307692307692307,0.2222222222222222,0.17307692307692307,0.0,0.0,0.0,0.19230769230769232,0.07692307692307693,0.4,0.6,0.0,0.0,0.0,0.0,1.0,0.0,0.0,0.0,0.0,0.0,0.0
コントレイル,87,サンデーサイレンス系,1848.888888888889,0.044444444444444446,0.0,0.2,0.1111111111111111,0.7555555555555555,0.20588235294117646,0.0,0.0,0.5172413793103449,0.17777777777777778,0.0,0.0,0.9080459770114943,0.20253164556962025,0.08045977011494253,0.14285714285714285,0.011494252873563218,0.0,0.0,0.0,0.0,0.0,0.0,0.0,0.0,0.0,0.0,0.0,0.034482758620689655,0.0,0.25287356321839083,0.13636363636363635,0.05747126436781609,0.0,0.25287356321839083,0.18181818181818182,0.3333333333333333,0.3448275862068966,0.06896551724137931,0.0,0.19540229885057472,0.04597701149425287,0.15,0.85,0.0,0.0,0.0,0.0,1.0,0.0,0.0,0.0,0.0,0.0,0.0
ゴールドシップ,149,サンデーサイレンス系,2200.4123711340208,0.010309278350515464,0.0,0.041237113402061855,0.0,0.5257731958762887,0.23529411764705882,0.422680412371134,0.17073170731707318,0.6241610738255033,0.1935483870967742,0.026845637583892617,0.0,0.8456375838926175,0.1746031746031746,0.1342281879194631,0.1,0.020134228187919462,0.0,0.0,0.0,0.0,0.0,0.0,0.0,0.0,0.0,0.0,0.0,0.03355704697986577,0.0,0.4563758389261745,0.17647058823529413,0.11409395973154363,0.29411764705882354,0.09395973154362416,0.2857142857142857,0.087248322147651,0.07692307692307693,0.21476510067114093,0.125,0.174496644295302,0.013422818791946308,0.05,0.95,0.0,0.0,0.0,0.0,1.0,0.0,0.0,0.0,0.0,0.0,0.0
ゴールドドリーム,69,サンデーサイレンス系,1800.0,0.0,0.0,0.0,0.0,0.0,0.0,0.0,0.0,0.0,0.0,0.0,0.0,0.7971014492753623,0.2545454545454545,0.13043478260869565,0.5555555555555556,0.043478260869565216,0.0,0.028985507246376812,0.0,0.0,0.0,0.0,0.0,0.0,0.0,0.0,0.0,0.014492753623188406,0.0,0.463768115942029,0.3125,0.043478260869565216,0.0,0.2463768115942029,0.17647058823529413,0.17391304347826086,0.3333333333333333,0.057971014492753624,0.0,0.2898550724637681,0.07246376811594203,0.4,0.6,0.0,0.0,0.0,0.0,1.0,0.0,0.0,0.0,0.0,0.0,0.0
サトノアラジン,78,サンデーサイレンス系,1746.6666666666667,0.09523809523809523,0.0,0.47619047619047616,0.1,0.3333333333333333,0.42857142857142855,0.09523809523809523,0.0,0.24358974358974358,0.21052631578947367,0.02564102564102564,0.0,0.8974358974358975,0.22857142857142856,0.05128205128205128,0.0,0.05128205128205128,0.0,0.0,0.0,0.0,0.0,0.0,0.0,0.0,0.0,0.0,0.0,0.038461538461538464,0.0,0.38461538461538464,0.13333333333333333,0.11538461538461539,0.3333333333333333,0.20512820512820512,0.125,0.20512820512820512,0.25,0.038461538461538464,0.0,0.20512820512820512,0.0641025641025641,0.4,0.6,0.0,0.0,0.0,0.0,1.0,0.0,0.0,0.0,0.0,0.0,0.0
サトノクラウン,56,ノーザンダンサー系,2046.6666666666667,0.125,0.0,0.041666666666666664,0.0,0.5416666666666666,0.07692307692307693,0.2916666666666667,0.2857142857142857,0.4107142857142857,0.17391304347826086,0.017857142857142856,0.0,0.7857142857142857,0.22727272727272727,0.17857142857142858,0.2,0.03571428571428571,0.0,0.0,0.0,0.0,0.0,0.0,0.0,0.0,0.0,0.0,0.0,0.017857142857142856,0.0,0.375,0.2857142857142857,0.03571428571428571,0.0,0.125,0.2857142857142857,0.125,0.0,0.30357142857142855,0.23529411764705882,0.23214285714285715,0.08928571428571429,0.4,0.6,0.0,0.0,0.0,0.0,0.0,0.0,0.0,0.0,1.0,0.0,0.0
サトノダイヤモンド,119,サンデーサイレンス系,2072.8260869565215,0.06521739130434782,0.0,0.13043478260869565,0.16666666666666666,0.5,0.17391304347826086,0.30434782608695654,0.21428571428571427,0.35294117647058826,0.11904761904761904,0.03361344537815126,0.0,0.8487394957983193,0.19801980198019803,0.1092436974789916,0.15384615384615385,0.03361344537815126,0.0,0.008403361344537815,0.0,0.0,0.0,0.0,0.0,0.0,0.0,0.0,0.0,0.025210084033613446,0.0,0.42016806722689076,0.22,0.08403361344537816,0.3,0.226890756302521,0.2222222222222222,0.12605042016806722,0.06666666666666667,0.11764705882352941,0.14285714285714285,0.20168067226890757,0.07563025210084033,0.1,0.9,0.0,0.0,0.0,0.0,1.0,0.0,0.0,0.0,0.0,0.0,0.0
サンダースノーThunder Snow(愛),56,サドラーズウェルズ系,1466.6666666666667,0.5,0.0,0.16666666666666666,0.0,0.3333333333333333,0.0,0.0,0.0,0.10714285714285714,0.16666666666666666,0.0,0.0,0.8571428571428571,0.1875,0.10714285714285714,0.3333333333333333,0.03571428571428571,0.0,0.0,0.0,0.0,0.0,0.0,0.0,0.0,0.0,0.0,0.0,0.03571428571428571,0.0,0.44642857142857145,0.2,0.16071428571428573,0.0,0.08928571428571429,0.2,0.10714285714285714,0.0,0.16071428571428573,0.4444444444444444,0.19642857142857142,0.08928571428571429,0.4,0.6,0.0,0.0,0.0,1.0,0.0,0.0,0.0,0.0,0.0,0.0,0.0
サートゥルナーリア,118,キングカメハメハ系,1827.906976744186,0.06976744186046512,0.0,0.2558139534883721,0.18181818181818182,0.627906976744186,0.2222222222222222,0.046511627906976744,0.0,0.3644067796610169,0.20930232558139536,0.0,0.0,0.8983050847457628,0.2830188679245283,0.06779661016949153,0.25,0.01694915254237288,0.0,0.01694915254237288,0.0,0.0,0.0,0.0,0.0,0.0,0.0,0.0,0.0,0.03389830508474576,0.0,0.4067796610169492,0.3541666666666667,0.1271186440677966,0.4,0.2033898305084746,0.125,0.1694915254237288,0.15,0.059322033898305086,0.14285714285714285,0.2711864406779661,0.11016949152542373,0.5,0.5,0.0,0.0,1.0,0.0,0.0,0.0,0.0,0.0,0.0,0.0,0.0
シスキンSiskin(米),32,デインヒル系,1680.0,0.13333333333333333,0.0,0.3333333333333333,0.2,0.5333333333333333,0.25,0.0,0.0,0.46875,0.2,0.0,0.0,0.84375,0.2962962962962963,0.09375,0.0,0.0625,0.0,0.0,0.0,0.0,0.0,0.0,0.0,0.0,0.0,0.0,0.0,0.0,0.0,0.4375,0.35714285714285715,0.0,0.0,0.21875,0.42857142857142855,0.25,0.25,0.09375,0.0,0.3125,0.03125,0.4,0.6,0.0,0.0,0.0,0.0,0.0,0.0,1.0,0.0,0.0,0.0,0.0
シニスターミニスターSinister Minister(米),125,エーピーインディ系,2880.0,0.0,0.0,0.0,0.0,0.0,0.0,1.0,0.0,0.0,0.0,0.008,0.0,0.848,0.2830188679245283,0.104,0.15384615384615385,0.04,0.4,0.008,0.0,0.0,0.0,0.0,0.0,0.0,0.0,0.0,0.0,0.032,0.0,0.336,0.2619047619047619,0.152,0.5263157894736842,0.2,0.28,0.184,0.17391304347826086,0.088,0.18181818181818182,0.272,0.096,0.4,0.6,0.0,1.0,0.0,0.0,0.0,0.0,0.0,0.0,0.0,0.0,0.0
シャンハイボビーShanghai Bobby(米),66,ストームキャット系,1863.0,0.2,0.0,0.4,0.0,0.1,0.0,0.3,0.0,0.13636363636363635,0.1111111111111111,0.015151515151515152,0.0,0.803030303030303,0.18867924528301888,0.12121212121212122,0.25,0.07575757575757576,0.2,0.0,0.0,0.0,0.0,0.0,0.0,0.0,0.0,0.0,0.0,0.015151515151515152,0.0,0.36363636363636365,0.2916666666666667,0.12121212121212122,0.0,0.18181818181818182,0.08333333333333333,0.22727272727272727,0.13333333333333333,0.09090909090909091,0.3333333333333333,0.19696969696969696,0.030303030303030304,0.4,0.6,0.0,0.0,0.0,0.0,0.0,1.0,0.0,0.0,0.0,0.0,0.0
シュヴァルグラン,29,サンデーサイレンス系,1828.0,0.2,0.0,0.1,0.0,0.5,0.0,0.2,0.0,0.3103448275862069,0.1111111111111111,0.034482758620689655,0.0,0.8275862068965517,0.125,0.10344827586206896,0.0,0.06896551724137931,0.0,0.0,0.0,0.0,0.0,0.0,0.0,0.0,0.0,0.0,0.0,0.06896551724137931,0.0,0.3793103448275862,0.09090909090909091,0.1724137931034483,0.0,0.1724137931034483,0.2,0.06896551724137931,0.0,0.13793103448275862,0.0,0.13793103448275862,0.0,0.4,0.6,0.0,0.0,0.0,0.0,1.0,0.0,0.0,0.0,0.0,0.0,0.0
シルバーステート,171,サンデーサイレンス系,1848.5294117647059,0.11764705882352941,0.125,0.25,0.29411764705882354,0.5147058823529411,0.34285714285714286,0.11764705882352941,0.375,0.3684210526315789,0.30158730158730157,0.029239766081871343,0.4,0.8947368421052632,0.29411764705882354,0.07602339181286549,0.0,0.029239766081871343,0.4,0.0,0.0,0.0,0.0,0.0,0.0,0.0,0.0,0.0,0.0,0.011695906432748537,0.0,0.4853801169590643,0.27710843373493976,0.04093567251461988,0.0,0.1871345029239766,0.375,0.1286549707602339,0.2727272727272727,0.14619883040935672,0.16,0.27485380116959063,0.1286549707602339,0.4,0.6,0.0,0.0,0.0,0.0,1.0,0.0,0.0,0.0,0.0,0.0,0.0
ジャスタウェイ,74,サンデーサイレンス系,1982.3809523809523,0.047619047619047616,0.0,0.3333333333333333,0.42857142857142855,0.38095238095238093,0.125,0.23809523809523808,0.6,0.2702702702702703,0.3,0.013513513513513514,0.0,0.8918918918918919,0.2727272727272727,0.08108108108108109,0.3333333333333333,0.02702702702702703,0.0,0.0,0.0,0.0,0.0,0.0,0.0,0.0,0.0,0.0,0.0,0.04054054054054054,0.0,0.47297297297297297,0.22857142857142856,0.14864864864864866,0.2727272727272727,0.21621621621621623,0.3125,0.06756756756756757,0.4,0.05405405405405406,0.0,0.28378378378378377,0.0945945945945946,0.05,0.95,0.0,0.0,0.0,0.0,1.0,0.0,0.0,0.0,0.0,0.0,0.0
スクリーンヒーロー,46,ロベルト系,1990.5882352941176,0.11764705882352941,0.0,0.0,0.0,0.7058823529411765,0.3333333333333333,0.17647058823529413,0.0,0.34782608695652173,0.375,0.021739130434782608,0.0,0.9565217391304348,0.38636363636363635,0.043478260869565216,0.0,0.0,0.0,0.0,0.0,0.0,0.0,0.0,0.0,0.0,0.0,0.0,0.0,0.043478260869565216,0.0,0.6956521739130435,0.375,0.021739130434782608,0.0,0.10869565217391304,0.4,0.043478260869565216,0.0,0.08695652173913043,0.0,0.3695652173913043,0.15217391304347827,0.5,0.5,0.0,0.0,0.0,0.0,0.0,0.0,0.0,0.0,0.0,0.0,1.0
ストロングリターン,24,サンデーサイレンス系,1882.5,0.375,0.0,0.125,0.0,0.25,0.0,0.25,0.0,0.2916666666666667,0.0,0.041666666666666664,0.0,0.7916666666666666,0.10526315789473684,0.125,0.0,0.08333333333333333,0.0,0.0,0.0,0.0,0.0,0.0,0.0,0.0,0.0,0.0,0.0,0.041666666666666664,0.0,0.2916666666666667,0.0,0.125,0.0,0.041666666666666664,0.0,0.16666666666666666,0.0,0.2916666666666667,0.14285714285714285,0.125,0.041666666666666664,0.4,0.6,0.0,0.0,0.0,0.0,1.0,0.0,0.0,0.0,0.0,0.0,0.0
スワーヴリチャード,70,サンデーサイレンス系,1862.962962962963,0.14814814814814814,0.0,0.14814814814814814,0.0,0.5925925925925926,0.375,0.1111111111111111,0.0,0.38571428571428573,0.25925925925925924,0.0,0.0,0.8857142857142857,0.24193548387096775,0.07142857142857142,0.2,0.02857142857142857,0.0,0.014285714285714285,0.0,0.0,0.0,0.0,0.0,0.0,0.0,0.0,0.0,0.0,0.0,0.4,0.2857142857142857,0.14285714285714285,0.2,0.18571428571428572,0.15384615384615385,0.12857142857142856,0.2222222222222222,0.14285714285714285,0.3,0.24285714285714285,0.02857142857142857,0.1,0.9,0.0,0.0,0.0,0.0,1.0,0.0,0.0,0.0,0.0,0.0,0.0
タリスマニックTalismanic(英),34,デインヒル系,1821.111111111111,0.5555555555555556,0.4,0.0,0.0,0.2222222222222222,0.0,0.2222222222222222,0.0,0.23529411764705882,0.375,0.029411764705882353,0.0,0.8529411764705882,0.3793103448275862,0.08823529411764706,0.0,0.029411764705882353,0.0,0.029411764705882353,0.0,0.0,0.0,0.0,0.0,0.0,0.0,0.0,0.0,0.029411764705882353,0.0,0.38235294117647056,0.23076923076923078,0.14705882352941177,0.4,0.11764705882352941,0.0,0.08823529411764706,0.0,0.23529411764705882,0.375,0.3235294117647059,0.08823529411764706,0.4,0.6,0.0,0.0,0.0,0.0,0.0,0.0,1.0,0.0,0.0,0.0,0.0
タワーオブロンドン,61,サンデーサイレンス系,1637.857142857143,0.5714285714285714,0.125,0.21428571428571427,0.0,0.0,0.0,0.21428571428571427,0.0,0.18032786885245902,0.09090909090909091,0.04918032786885246,0.0,0.8688524590163934,0.16981132075471697,0.09836065573770492,0.3333333333333333,0.03278688524590164,0.0,0.0,0.0,0.0,0.0,0.0,0.0,0.0,0.0,0.0,0.0,0.03278688524590164,0.0,0.29508196721311475,0.2222222222222222,0.13114754098360656,0.0,0.18032786885245902,0.18181818181818182,0.14754098360655737,0.3333333333333333,0.21311475409836064,0.23076923076923078,0.19672131147540983,0.03278688524590164,0.4,0.6,0.0,0.0,0.0,0.0,1.0,0.0,0.0,0.0,0.0,0.0,0.0
ダイワメジャー,65,サンデーサイレンス系,1557.3333333333333,0.43333333333333335,0.23076923076923078,0.26666666666666666,0.25,0.23333333333333334,0.2857142857142857,0.06666666666666667,0.0,0.46153846153846156,0.26666666666666666,0.0,0.0,0.8615384615384616,0.26785714285714285,0.13846153846153847,0.1111111111111111,0.0,0.0,0.0,0.0,0.0,0.0,0.0,0.0,0.0,0.0,0.0,0.0,0.015384615384615385,0.0,0.3230769230769231,0.2857142857142857,0.1076923076923077,0.14285714285714285,0.15384615384615385,0.1,0.1076923076923077,0.14285714285714285,0.26153846153846155,0.29411764705882354,0.24615384615384617,0.07692307692307693,0.5,0.5,0.0,0.0,0.0,0.0,1.0,0.0,0.0,0.0,0.0,0.0,0.0
ダノンキングリー,22,サンデーサイレンス系,1700.0,0.0,0.0,0.5,0.0,0.5,0.0,0.0,0.0,0.2727272727272727,0.0,0.0,0.0,0.8636363636363636,0.0,0.13636363636363635,0.0,0.0,0.0,0.0,0.0,0.0,0.0,0.0,0.0,0.0,0.0,0.0,0.0,0.0,0.0,0.45454545454545453,0.1,0.09090909090909091,0.0,0.22727272727272727,0.0,0.09090909090909091,0.0,0.13636363636363635,0.0,0.09090909090909091,0.045454545454545456,0.4,0.6,0.0,0.0,0.0,0.0,1.0,0.0,0.0,0.0,0.0,0.0,0.0
ダノンスマッシュ,46,サンデーサイレンス系,1542.857142857143,0.14285714285714285,0.0,0.5714285714285714,0.0,0.2857142857142857,0.0,0.0,0.0,0.15217391304347827,0.0,0.0,0.0,0.8260869565217391,0.15789473684210525,0.08695652173913043,0.0,0.08695652173913043,0.0,0.0,0.0,0.0,0.0,0.0,0.0,0.0,0.0,0.0,0.0,0.0,0.0,0.6521739130434783,0.26666666666666666,0.021739130434782608,0.0,0.17391304347826086,0.0,0.13043478260869565,0.0,0.021739130434782608,0.0,0.17391304347826086,0.021739130434782608,0.8,0.2,0.0,0.0,0.0,0.0,1.0,0.0,0.0,0.0,0.0,0.0,0.0
ダノンバラード,72,サンデーサイレンス系,2088.6486486486488,0.02702702702702703,0.0,0.08108108108108109,0.0,0.6486486486486487,0.125,0.24324324324324326,0.3333333333333333,0.4583333333333333,0.15151515151515152,0.05555555555555555,0.0,0.8472222222222222,0.18032786885245902,0.1111111111111111,0.25,0.041666666666666664,0.0,0.0,0.0,0.0,0.0,0.0,0.0,0.0,0.0,0.0,0.0,0.027777777777777776,0.0,0.5,0.19444444444444445,0.05555555555555555,0.0,0.1111111111111111,0.25,0.08333333333333333,0.16666666666666666,0.2222222222222222,0.125,0.19444444444444445,0.05555555555555555,0.4,0.6,0.0,0.0,0.0,0.0,1.0,0.0,0.0,0.0,0.0,0.0,0.0
ダノンプレミアム,59,サンデーサイレンス系,1600.0,0.2,0.0,0.4666666666666667,0.14285714285714285,0.3333333333333333,0.2,0.0,0.0,0.2542372881355932,0.13333333333333333,0.0,0.0,0.8135593220338984,0.16666666666666666,0.1694915254237288,0.3,0.0,0.0,0.01694915254237288,0.0,0.0,0.0,0.0,0.0,0.0,0.0,0.0,0.0,0.03389830508474576,0.0,0.4745762711864407,0.17857142857142858,0.03389830508474576,0.0,0.11864406779661017,0.14285714285714285,0.2542372881355932,0.2,0.0847457627118644,0.2,0.1864406779661017,0.06779661016949153,0.4,0.6,0.0,0.0,0.0,0.0,1.0,0.0,0.0,0.0,0.0,0.0,0.0
ダノンレジェンド,49,デピュティミニスター系,1200.0,1.0,0.0,0.0,0.0,0.0,0.0,0.0,0.0,0.02040816326530612,0.0,0.0,0.0,0.7142857142857143,0.34285714285714286,0.1836734693877551,0.4444444444444444,0.10204081632653061,0.2,0.0,0.0,0.0,0.0,0.0,0.0,0.0,0.0,0.0,0.0,0.08163265306122448,0.0,0.4897959183673469,0.3333333333333333,0.08163265306122448,0.0,0.14285714285714285,0.2857142857142857,0.12244897959183673,0.5,0.08163265306122448,0.0,0.3469387755102041,0.16326530612244897,0.4,0.6,0.0,0.0,0.0,0.0,0.0,0.0,0.0,1.0,0.0,0.0,0.0
ディスクリートキャットDiscreet Cat(米),60,ストームキャット系,1311.111111111111,0.5555555555555556,0.2,0.4444444444444444,0.0,0.0,0.0,0.0,0.0,0.15,0.2222222222222222,0.0,0.0,0.85,0.2549019607843137,0.11666666666666667,0.2857142857142857,0.03333333333333333,0.0,0.0,0.0,0.0,0.0,0.0,0.0,0.0,0.0,0.0,0.0,0.03333333333333333,0.0,0.4666666666666667,0.25,0.11666666666666667,0.2857142857142857,0.18333333333333332,0.18181818181818182,0.11666666666666667,0.2857142857142857,0.08333333333333333,0.2,0.25,0.06666666666666667,0.4,0.6,0.0,0.0,0.0,0.0,0.0,1.0,0.0,0.0,0.0,0.0,0.0
ディープインパクト,44,サンデーサイレンス系,2013.6,0.08,0.0,0.12,0.0,0.52,0.5384615384615384,0.28,0.42857142857142855,0.5227272727272727,0.391304347826087,0.045454545454545456,0.0,0.8863636363636364,0.38461538461538464,0.06818181818181818,0.0,0.045454545454545456,0.0,0.0,0.0,0.0,0.0,0.0,0.0,0.0,0.0,0.0,0.0,0.0,0.0,0.3181818181818182,0.14285714285714285,0.18181818181818182,0.625,0.1590909090909091,0.42857142857142855,0.20454545454545456,0.2222222222222222,0.13636363636363635,0.6666666666666666,0.36363636363636365,0.09090909090909091,0.0,1.0,0.0,0.0,0.0,0.0,1.0,0.0,0.0,0.0,0.0,0.0,0.0
ディープブリランテ,32,サンデーサイレンス系,2250.0,0.0,0.0,0.14285714285714285,0.0,0.42857142857142855,0.0,0.42857142857142855,0.0,0.15625,0.2,0.0625,0.0,0.875,0.21428571428571427,0.125,0.0,0.0,0.0,0.0,0.0,0.0,0.0,0.0,0.0,0.0,0.0,0.0,0.0,0.03125,0.0,0.53125,0.11764705882352941,0.09375,0.0,0.1875,0.5,0.0625,0.0,0.09375,0.0,0.1875,0.0,0.4,0.6,0.0,0.0,0.0,0.0,1.0,0.0,0.0,0.0,0.0,0.0,0.0
ディーマジェスティ,42,サンデーサイレンス系,1966.923076923077,0.0,0.0,0.3076923076923077,0.0,0.5384615384615384,0.14285714285714285,0.15384615384615385,0.0,0.2857142857142857,0.16666666666666666,0.023809523809523808,0.0,0.8571428571428571,0.2222222222222222,0.11904761904761904,0.2,0.023809523809523808,0.0,0.0,0.0,0.0,0.0,0.0,0.0,0.0,0.0,0.0,0.0,0.023809523809523808,0.0,0.6190476190476191,0.3076923076923077,0.07142857142857142,0.0,0.14285714285714285,0.0,0.09523809523809523,0.0,0.047619047619047616,0.0,0.23809523809523808,0.09523809523809523,0.4,0.6,0.0,0.0,0.0,0.0,1.0,0.0,0.0,0.0,0.0,0.0,0.0
デクラレーションオブウォー,73,ノーザンダンサー系,2162.5,0.16666666666666666,0.0,0.16666666666666666,0.0,0.3333333333333333,0.0,0.3333333333333333,0.0,0.1643835616438356,0.3333333333333333,0.0,0.0,0.8493150684931506,0.20967741935483872,0.0958904109589041,0.0,0.0410958904109589,0.0,0.0136986301369863,0.0,0.0,0.0,0.0,0.0,0.0,0.0,0.0,0.0,0.0273972602739726,0.0,0.4657534246575342,0.20588235294117646,0.0684931506849315,0.2,0.1917808219178082,0.14285714285714285,0.136986301369863,0.3,0.0958904109589041,0.14285714285714285,0.1917808219178082,0.1095890410958904,0.4,0.6,0.0,0.0,0.0,0.0,0.0,0.0,0.0,0.0,1.0,0.0,0.0
トーセンラー,30,サンデーサイレンス系,1996.6666666666667,0.25,0.0,0.08333333333333333,0.0,0.3333333333333333,0.0,0.3333333333333333,0.0,0.3333333333333333,0.2,0.06666666666666667,0.0,0.8333333333333334,0.2,0.16666666666666666,0.4,0.0,0.0,0.0,0.0,0.0,0.0,0.0,0.0,0.0,0.0,0.0,0.0,0.0,0.0,0.6666666666666666,0.2,0.13333333333333333,0.0,0.03333333333333333,0.0,0.0,0.0,0.16666666666666666,0.4,0.23333333333333334,0.1,0.4,0.6,0.0,0.0,0.0,0.0,1.0,0.0,0.0,0.0,0.0,0.0,0.0
ドゥラメンテ,95,キングカメハメハ系,2148.0,0.0,0.0,0.075,0.0,0.65,0.23076923076923078,0.275,0.5454545454545454,0.4,0.2894736842105263,0.021052631578947368,0.0,0.8947368421052632,0.3176470588235294,0.09473684210526316,0.1111111111111111,0.010526315789473684,0.0,0.0,0.0,0.0,0.0,0.0,0.0,0.0,0.0,0.0,0.0,0.031578947368421054,0.0,0.35789473684210527,0.29411764705882354,0.08421052631578947,0.25,0.23157894736842105,0.2727272727272727,0.16842105263157894,0.25,0.12631578947368421,0.4166666666666667,0.29473684210526313,0.08421052631578947,0.5,0.5,0.0,0.0,1.0,0.0,0.0,0.0,0.0,0.0,0.0,0.0,0.0
ドレフォンDrefong(米),199,ミスタープロスペクター系,2030.0,0.20689655172413793,0.3333333333333333,0.1724137931034483,0.6,0.3103448275862069,0.2222222222222222,0.3103448275862069,0.3333333333333333,0.11055276381909548,0.36363636363636365,0.035175879396984924,0.2857142857142857,0.864321608040201,0.29651162790697677,0.10552763819095477,0.47619047619047616,0.03015075376884422,0.16666666666666666,0.0,0.0,0.0,0.0,0.0,0.0,0.0,0.0,0.0,0.0,0.01507537688442211,0.0,0.36180904522613067,0.3472222222222222,0.1407035175879397,0.2857142857142857,0.23115577889447236,0.21739130434782608,0.18090452261306533,0.3333333333333333,0.06532663316582915,0.23076923076923078,0.31155778894472363,0.09045226130653267,0.4,0.6,0.0,0.0,0.0,0.0,0.0,0.0,0.0,0.0,0.0,1.0,0.0
ナダルNadal(米),63,ストームキャット系,1800.0,0.0,0.0,0.0,0.0,0.0,0.0,0.0,0.0,0.0,0.0,0.0,0.0,0.8253968253968254,0.40384615384615385,0.1111111111111111,0.42857142857142855,0.015873015873015872,0.0,0.047619047619047616,0.0,0.0,0.0,0.0,0.0,0.0,0.0,0.0,0.0,0.015873015873015872,0.0,0.3333333333333333,0.5238095238095238,0.14285714285714285,0.2222222222222222,0.19047619047619047,0.4166666666666667,0.2222222222222222,0.2857142857142857,0.09523809523809523,0.16666666666666666,0.38095238095238093,0.12698412698412698,0.4,0.6,0.0,0.0,0.0,0.0,0.0,1.0,0.0,0.0,0.0,0.0,0.0
ニューイヤーズデイ,80,ミスタープロスペクター系,1810.0,0.25,0.0,0.375,0.0,0.125,0.0,0.25,0.0,0.0875,0.14285714285714285,0.0125,0.0,0.8625,0.2753623188405797,0.1,0.125,0.0375,0.0,0.0,0.0,0.0,0.0,0.0,0.0,0.0,0.0,0.0,0.0,0.025,0.0,0.425,0.23529411764705882,0.1125,0.3333333333333333,0.2375,0.2631578947368421,0.15,0.25,0.05,0.0,0.25,0.1,0.4,0.6,0.0,0.0,0.0,0.0,0.0,0.0,0.0,0.0,0.0,1.0,0.0
ノーブルミッションNoble Mission(英),22,デインヒル系,1560.0,0.2,0.0,0.6,0.0,0.2,0.0,0.0,0.0,0.22727272727272727,0.0,0.0,0.0,0.8181818181818182,0.0,0.09090909090909091,0.0,0.09090909090909091,0.0,0.0,0.0,0.0,0.0,0.0,0.0,0.0,0.0,0.0,0.0,0.09090909090909091,0.0,0.4090909090909091,0.0,0.09090909090909091,0.0,0.09090909090909091,0.0,0.2727272727272727,0.0,0.045454545454545456,0.0,0.0,0.0,0.4,0.6,0.0,0.0,0.0,0.0,0.0,0.0,1.0,0.0,0.0,0.0,0.0
ハーツクライ,83,サンデーサイレンス系,2211.6326530612246,0.04081632653061224,0.0,0.061224489795918366,0.0,0.5306122448979592,0.23076923076923078,0.3673469387755102,0.2222222222222222,0.5180722891566265,0.23255813953488372,0.07228915662650602,0.16666666666666666,0.8795180722891566,0.3013698630136986,0.12048192771084337,0.3,0.0,0.0,0.0,0.0,0.0,0.0,0.0,0.0,0.0,0.0,0.0,0.0,0.024096385542168676,0.0,0.5060240963855421,0.21428571428571427,0.1566265060240964,0.46153846153846156,0.13253012048192772,0.45454545454545453,0.060240963855421686,0.2,0.12048192771084337,0.4,0.30120481927710846,0.08433734939759036,0.0,1.0,0.0,0.0,0.0,0.0,1.0,0.0,0.0,0.0,0.0,0.0,0.0
ハービンジャーHarbinger(英),74,デインヒル系,1893.3333333333333,0.09090909090909091,0.0,0.15151515151515152,0.2,0.6363636363636364,0.38095238095238093,0.12121212121212122,0.0,0.43243243243243246,0.375,0.013513513513513514,0.0,0.8648648648648649,0.3125,0.12162162162162163,0.3333333333333333,0.013513513513513514,0.0,0.0,0.0,0.0,0.0,0.0,0.0,0.0,0.0,0.0,0.0,0.013513513513513514,0.0,0.4864864864864865,0.3888888888888889,0.14864864864864866,0.36363636363636365,0.1891891891891892,0.21428571428571427,0.08108108108108109,0.16666666666666666,0.08108108108108109,0.3333333333333333,0.32432432432432434,0.06756756756756757,0.4,0.6,0.0,0.0,0.0,0.0,0.0,0.0,1.0,0.0,0.0,0.0,0.0
バゴBago(仏),26,サドラーズウェルズ系,2207.2727272727275,0.0,0.0,0.09090909090909091,0.0,0.5454545454545454,0.3333333333333333,0.36363636363636365,0.0,0.38461538461538464,0.2,0.038461538461538464,0.0,0.9230769230769231,0.25,0.07692307692307693,0.0,0.0,0.0,0.0,0.0,0.0,0.0,0.0,0.0,0.0,0.0,0.0,0.0,0.0,0.0,0.2692307692307692,0.0,0.11538461538461539,0.0,0.3076923076923077,0.25,0.15384615384615385,0.0,0.15384615384615385,0.0,0.23076923076923078,0.15384615384615385,0.4,0.6,0.0,0.0,0.0,1.0,0.0,0.0,0.0,0.0,0.0,0.0,0.0
パイロPyro(米),79,エーピーインディ系,2130.0,0.0,0.0,0.5,0.0,0.0,0.0,0.5,0.0,0.02531645569620253,0.0,0.0,0.0,0.8607594936708861,0.3088235294117647,0.10126582278481013,0.375,0.02531645569620253,0.0,0.012658227848101266,0.0,0.0,0.0,0.0,0.0,0.0,0.0,0.0,0.0,0.0,0.0,0.35443037974683544,0.2857142857142857,0.189873417721519,0.26666666666666666,0.24050632911392406,0.3157894736842105,0.12658227848101267,0.4,0.08860759493670886,0.42857142857142855,0.31645569620253167,0.10126582278481013,0.4,0.6,0.0,1.0,0.0,0.0,0.0,0.0,0.0,0.0,0.0,0.0,0.0
ビッグアーサー,74,サンデーサイレンス系,1300.0,0.6428571428571429,0.3333333333333333,0.32142857142857145,0.2222222222222222,0.03571428571428571,0.0,0.0,0.0,0.3783783783783784,0.2857142857142857,0.0,0.0,0.8108108108108109,0.2,0.17567567567567569,0.23076923076923078,0.013513513513513514,0.0,0.0,0.0,0.0,0.0,0.0,0.0,0.0,0.0,0.0,0.0,0.013513513513513514,0.0,0.36486486486486486,0.14814814814814814,0.13513513513513514,0.1,0.13513513513513514,0.4,0.16216216216216217,0.16666666666666666,0.17567567567567569,0.3076923076923077,0.20270270270270271,0.06756756756756757,0.4,0.6,0.0,0.0,0.0,0.0,1.0,0.0,0.0,0.0,0.0,0.0,0.0
ビーチパトロールBeach Patrol(米),24,エーピーインディ系,2176.3636363636365,0.0,0.0,0.0,0.0,0.7272727272727273,0.25,0.2727272727272727,0.0,0.4166666666666667,0.2,0.041666666666666664,0.0,0.9166666666666666,0.18181818181818182,0.041666666666666664,0.0,0.041666666666666664,0.0,0.0,0.0,0.0,0.0,0.0,0.0,0.0,0.0,0.0,0.0,0.0,0.0,0.4583333333333333,0.09090909090909091,0.25,0.16666666666666666,0.16666666666666666,0.0,0.041666666666666664,0.0,0.08333333333333333,0.0,0.16666666666666666,0.08333333333333333,0.4,0.6,0.0,1.0,0.0,0.0,0.0,0.0,0.0,0.0,0.0,0.0,0.0
ファインニードル,49,サンデーサイレンス系,1254.5454545454545,0.7272727272727273,0.5,0.2727272727272727,0.0,0.0,0.0,0.0,0.0,0.22448979591836735,0.45454545454545453,0.0,0.0,0.8367346938775511,0.2682926829268293,0.12244897959183673,0.5,0.04081632653061224,0.0,0.0,0.0,0.0,0.0,0.0,0.0,0.0,0.0,0.0,0.0,0.02040816326530612,0.0,0.46938775510204084,0.2608695652173913,0.061224489795918366,0.0,0.1836734693877551,0.1111111111111111,0.14285714285714285,0.2857142857142857,0.12244897959183673,0.6666666666666666,0.2857142857142857,0.14285714285714285,0.4,0.6,0.0,0.0,0.0,0.0,1.0,0.0,0.0,0.0,0.0,0.0,0.0
フィエールマン,45,サンデーサイレンス系,1941.6,0.08,0.0,0.12,0.0,0.68,0.17647058823529413,0.12,0.0,0.5333333333333333,0.16666666666666666,0.022222222222222223,0.0,0.8444444444444444,0.15789473684210525,0.08888888888888889,0.0,0.06666666666666667,0.0,0.0,0.0,0.0,0.0,0.0,0.0,0.0,0.0,0.0,0.0,0.022222222222222223,0.0,0.5333333333333333,0.125,0.06666666666666667,0.0,0.1111111111111111,0.0,0.08888888888888889,0.0,0.17777777777777778,0.375,0.13333333333333333,0.044444444444444446,0.4,0.6,0.0,0.0,0.0,0.0,1.0,0.0,0.0,0.0,0.0,0.0,0.0
フィレンツェファイア,34,サンデーサイレンス系,1400.0,0.5,0.0,0.25,0.0,0.25,0.0,0.0,0.0,0.11764705882352941,0.0,0.0,0.0,0.8529411764705882,0.13793103448275862,0.14705882352941177,0.2,0.0,0.0,0.0,0.0,0.0,0.0,0.0,0.0,0.0,0.0,0.0,0.0,0.0,0.0,0.38235294117647056,0.0,0.029411764705882353,0.0,0.08823529411764706,0.0,0.4117647058823529,0.2857142857142857,0.08823529411764706,0.0,0.14705882352941177,0.058823529411764705,0.4,0.6,0.0,0.0,0.0,0.0,1.0,0.0,0.0,0.0,0.0,0.0,0.0
フォーウィールドライブFour Wheel Drive(米),50,ストームキャット系,1607.5,0.5,0.0,0.125,0.0,0.25,0.0,0.125,0.0,0.16,0.375,0.0,0.0,0.88,0.18181818181818182,0.06,0.0,0.06,0.0,0.0,0.0,0.0,0.0,0.0,0.0,0.0,0.0,0.0,0.0,0.0,0.0,0.48,0.16666666666666666,0.08,0.0,0.12,0.0,0.22,0.18181818181818182,0.1,0.4,0.2,0.1,0.4,0.6,0.0,0.0,0.0,0.0,0.0,1.0,0.0,0.0,0.0,0.0,0.0
ブラックタイド,36,サンデーサイレンス系,2302.8571428571427,0.0,0.0,0.0,0.0,0.6190476190476191,0.38461538461538464,0.38095238095238093,0.625,0.5277777777777778,0.47368421052631576,0.05555555555555555,0.0,0.8611111111111112,0.3225806451612903,0.1388888888888889,0.6,0.0,0.0,0.0,0.0,0.0,0.0,0.0,0.0,0.0,0.0,0.0,0.0,0.0,0.0,0.5,0.3333333333333333,0.05555555555555555,0.0,0.1111111111111111,0.0,0.16666666666666666,0.5,0.16666666666666666,0.3333333333333333,0.3611111111111111,0.16666666666666666,0.05,0.95,0.0,0.0,0.0,0.0,1.0,0.0,0.0,0.0,0.0,0.0,0.0
ブリックスアンドモルタルBricks and Mortar(米),124,ストームキャット系,1906.842105263158,0.10526315789473684,0.0,0.15789473684210525,0.0,0.6052631578947368,0.21739130434782608,0.13157894736842105,0.6,0.2903225806451613,0.19444444444444445,0.016129032258064516,0.0,0.8467741935483871,0.24761904761904763,0.10483870967741936,0.15384615384615385,0.04838709677419355,0.3333333333333333,0.0,0.0,0.0,0.0,0.0,0.0,0.0,0.0,0.0,0.0,0.03225806451612903,0.0,0.4112903225806452,0.27450980392156865,0.0967741935483871,0.08333333333333333,0.18548387096774194,0.30434782608695654,0.1774193548387097,0.2727272727272727,0.0967741935483871,0.16666666666666666,0.24193548387096775,0.07258064516129033,0.4,0.6,0.0,0.0,0.0,0.0,0.0,1.0,0.0,0.0,0.0,0.0,0.0
ヘニーヒューズHenny Hughes(米),71,ストームキャット系,2080.0,0.25,0.0,0.25,0.0,0.0,0.0,0.5,0.0,0.056338028169014086,0.0,0.0,0.0,0.8591549295774648,0.3442622950819672,0.11267605633802817,0.375,0.014084507042253521,0.0,0.014084507042253521,0.0,0.0,0.0,0.0,0.0,0.0,0.0,0.0,0.0,0.028169014084507043,0.0,0.352112676056338,0.44,0.1267605633802817,0.5555555555555556,0.16901408450704225,0.25,0.16901408450704225,0.25,0.15492957746478872,0.2727272727272727,0.352112676056338,0.1267605633802817,0.4,0.6,0.0,0.0,0.0,0.0,0.0,1.0,0.0,0.0,0.0,0.0,0.0
ベンバトルBenbatl(英),33,サドラーズウェルズ系,1847.0588235294117,0.058823529411764705,0.0,0.11764705882352941,0.0,0.8235294117647058,0.14285714285714285,0.0,0.0,0.5151515151515151,0.11764705882352941,0.0,0.0,0.8787878787878788,0.13793103448275862,0.12121212121212122,0.0,0.0,0.0,0.0,0.0,0.0,0.0,0.0,0.0,0.0,0.0,0.0,0.0,0.06060606060606061,0.0,0.5151515151515151,0.11764705882352941,0.06060606060606061,0.0,0.12121212121212122,0.0,0.09090909090909091,0.0,0.15151515151515152,0.2,0.15151515151515152,0.030303030303030304,0.4,0.6,0.0,0.0,0.0,1.0,0.0,0.0,0.0,0.0,0.0,0.0,0.0
ホッコータルマエ,93,キングカメハメハ系,2882.8571428571427,0.0,0.0,0.0,0.0,0.0,0.0,1.0,0.42857142857142855,0.03225806451612903,0.0,0.043010752688172046,0.0,0.7849462365591398,0.2328767123287671,0.16129032258064516,0.13333333333333333,0.053763440860215055,0.4,0.0,0.0,0.0,0.0,0.0,0.0,0.0,0.0,0.0,0.0,0.010752688172043012,0.0,0.43010752688172044,0.25,0.13978494623655913,0.23076923076923078,0.20430107526881722,0.21052631578947367,0.15053763440860216,0.2857142857142857,0.06451612903225806,0.0,0.22580645161290322,0.07526881720430108,0.5,0.5,0.0,0.0,1.0,0.0,0.0,0.0,0.0,0.0,0.0,0.0,0.0
ポエティックフレアPoetic Flare(愛),21,デインヒル系,1714.2857142857142,0.0,0.0,0.42857142857142855,0.0,0.5714285714285714,0.0,0.0,0.0,0.3333333333333333,0.2857142857142857,0.0,0.0,0.9047619047619048,0.42105263157894735,0.047619047619047616,0.0,0.0,0.0,0.047619047619047616,0.0,0.0,0.0,0.0,0.0,0.0,0.0,0.0,0.0,0.047619047619047616,0.0,0.3333333333333333,0.2857142857142857,0.09523809523809523,0.0,0.23809523809523808,0.4,0.14285714285714285,0.0,0.14285714285714285,0.0,0.38095238095238093,0.14285714285714285,0.4,0.6,0.0,0.0,0.0,0.0,0.0,0.0,1.0,0.0,0.0,0.0,0.0
マインドユアビスケッツMind Your Biscuits(米),86,ストームキャット系,2286.6666666666665,0.08333333333333333,0.0,0.0,0.0,0.5,0.0,0.4166666666666667,0.4,0.11627906976744186,0.1,0.023255813953488372,0.0,0.7906976744186046,0.14705882352941177,0.19767441860465115,0.17647058823529413,0.011627906976744186,0.0,0.0,0.0,0.0,0.0,0.0,0.0,0.0,0.0,0.0,0.0,0.03488372093023256,0.0,0.4069767441860465,0.11428571428571428,0.09302325581395349,0.375,0.19767441860465115,0.17647058823529413,0.1511627906976744,0.23076923076923078,0.11627906976744186,0.0,0.1511627906976744,0.05813953488372093,0.4,0.6,0.0,0.0,0.0,0.0,0.0,1.0,0.0,0.0,0.0,0.0,0.0
マクフィMakfi(英),61,デインヒル系,1638.3333333333333,0.4166666666666667,0.2,0.16666666666666666,0.0,0.3333333333333333,0.0,0.08333333333333333,0.0,0.19672131147540983,0.08333333333333333,0.0,0.0,0.7868852459016393,0.14583333333333334,0.13114754098360656,0.125,0.08196721311475409,0.2,0.0,0.0,0.0,0.0,0.0,0.0,0.0,0.0,0.0,0.0,0.03278688524590164,0.0,0.47540983606557374,0.20689655172413793,0.08196721311475409,0.4,0.11475409836065574,0.0,0.14754098360655737,0.0,0.14754098360655737,0.1111111111111111,0.14754098360655737,0.04918032786885246,0.4,0.6,0.0,0.0,0.0,0.0,0.0,0.0,1.0,0.0,0.0,0.0,0.0
マジェスティックウォリアーMajestic Warrior(米),71,エーピーインディ系,3002.5,0.0,0.0,0.0,0.0,0.0,0.0,1.0,0.0,0.028169014084507043,0.0,0.028169014084507043,0.0,0.8028169014084507,0.07017543859649122,0.15492957746478872,0.0,0.04225352112676056,0.0,0.0,0.0,0.0,0.0,0.0,0.0,0.0,0.0,0.0,0.0,0.028169014084507043,0.0,0.4225352112676056,0.06666666666666667,0.08450704225352113,0.0,0.15492957746478872,0.0,0.16901408450704225,0.08333333333333333,0.14084507042253522,0.1,0.056338028169014086,0.028169014084507043,0.4,0.6,0.0,1.0,0.0,0.0,0.0,0.0,0.0,0.0,0.0,0.0,0.0
マテラスカイ,32,サンデーサイレンス系,1600.0,0.0,0.0,0.6666666666666666,0.0,0.3333333333333333,0.0,0.0,0.0,0.09375,0.0,0.0,0.0,0.6875,0.22727272727272727,0.1875,0.0,0.125,0.0,0.0,0.0,0.0,0.0,0.0,0.0,0.0,0.0,0.0,0.0,0.0,0.0,0.53125,0.058823529411764705,0.0625,0.0,0.1875,0.3333333333333333,0.09375,0.0,0.125,0.0,0.21875,0.09375,0.4,0.6,0.0,0.0,0.0,0.0,1.0,0.0,0.0,0.0,0.0,0.0,0.0
ミスターメロディ,40,サンデーサイレンス系,1377.7777777777778,0.4444444444444444,0.0,0.5555555555555556,0.2,0.0,0.0,0.0,0.0,0.225,0.1111111111111111,0.0,0.0,0.825,0.21212121212121213,0.1,0.0,0.05,0.0,0.025,0.0,0.0,0.0,0.0,0.0,0.0,0.0,0.0,0.0,0.025,0.0,0.4,0.25,0.075,0.0,0.225,0.1111111111111111,0.15,0.16666666666666666,0.125,0.0,0.175,0.075,0.4,0.6,0.0,0.0,0.0,0.0,1.0,0.0,0.0,0.0,0.0,0.0,0.0
ミスチヴィアスアレックスMischevious Alex(米),39,ストームキャット系,1200.0,1.0,0.0,0.0,0.0,0.0,0.0,0.0,0.0,0.05128205128205128,0.0,0.0,0.0,0.8717948717948718,0.17647058823529413,0.07692307692307693,0.0,0.05128205128205128,0.0,0.0,0.0,0.0,0.0,0.0,0.0,0.0,0.0,0.0,0.0,0.02564102564102564,0.0,0.46153846153846156,0.2222222222222222,0.05128205128205128,0.0,0.07692307692307693,0.0,0.28205128205128205,0.36363636363636365,0.10256410256410256,0.0,0.23076923076923078,0.05128205128205128,0.4,0.6,0.0,0.0,0.0,0.0,0.0,1.0,0.0,0.0,0.0,0.0,0.0
ミッキーアイル,92,サンデーサイレンス系,1608.4615384615386,0.34615384615384615,0.1111111111111111,0.34615384615384615,0.2222222222222222,0.15384615384615385,0.0,0.15384615384615385,0.0,0.2826086956521739,0.19230769230769232,0.0,0.0,0.8695652173913043,0.225,0.08695652173913043,0.5,0.043478260869565216,0.0,0.0,0.0,0.0,0.0,0.0,0.0,0.0,0.0,0.0,0.0,0.021739130434782608,0.0,0.25,0.21739130434782608,0.11956521739130435,0.2727272727272727,0.2391304347826087,0.2727272727272727,0.25,0.30434782608695654,0.11956521739130435,0.18181818181818182,0.25,0.05434782608695652,0.5,0.5,0.0,0.0,0.0,0.0,1.0,0.0,0.0,0.0,0.0,0.0,0.0
モズアスコット,82,サンデーサイレンス系,1522.2222222222222,0.2222222222222222,0.0,0.5555555555555556,0.4,0.2222222222222222,0.0,0.0,0.0,0.21951219512195122,0.2222222222222222,0.0,0.0,0.8902439024390244,0.3013698630136986,0.07317073170731707,0.16666666666666666,0.024390243902439025,0.0,0.012195121951219513,0.0,0.0,0.0,0.0,0.0,0.0,0.0,0.0,0.0,0.024390243902439025,0.0,0.32926829268292684,0.25925925925925924,0.10975609756097561,0.6666666666666666,0.2926829268292683,0.375,0.18292682926829268,0.13333333333333333,0.06097560975609756,0.0,0.2926829268292683,0.0975609756097561,0.4,0.6,0.0,0.0,0.0,0.0,1.0,0.0,0.0,0.0,0.0,0.0,0.0
モーニン,48,その他,1800.0,0.0,0.0,0.5,0.0,0.5,0.0,0.0,0.0,0.041666666666666664,0.0,0.0,0.0,0.8541666666666666,0.14634146341463414,0.10416666666666667,0.0,0.041666666666666664,0.0,0.0,0.0,0.0,0.0,0.0,0.0,0.0,0.0,0.0,0.0,0.0625,0.0,0.5,0.16666666666666666,0.08333333333333333,0.0,0.14583333333333334,0.0,0.125,0.16666666666666666,0.08333333333333333,0.0,0.125,0.0,0.4,0.6,1.0,0.0,0.0,0.0,0.0,0.0,0.0,0.0,0.0,0.0,0.0
モーリス,141,ロベルト系,1735.1063829787233,0.2765957446808511,0.3076923076923077,0.19148936170212766,0.2222222222222222,0.44680851063829785,0.19047619047619047,0.0851063829787234,0.0,0.3191489361702128,0.24444444444444444,0.014184397163120567,0.0,0.9432624113475178,0.23308270676691728,0.0425531914893617,0.16666666666666666,0.0070921985815602835,0.0,0.0070921985815602835,0.0,0.0,0.0,0.0,0.0,0.0,0.0,0.0,0.0,0.02127659574468085,0.0,0.3475177304964539,0.2857142857142857,0.09929078014184398,0.2857142857142857,0.2624113475177305,0.16216216216216217,0.1702127659574468,0.16666666666666666,0.09219858156028368,0.3076923076923077,0.23404255319148937,0.07801418439716312,0.5,0.5,0.0,0.0,0.0,0.0,0.0,0.0,0.0,0.0,0.0,0.0,1.0
ラブリーデイ,35,サンデーサイレンス系,1851.3333333333333,0.2,0.0,0.26666666666666666,0.0,0.4,0.0,0.13333333333333333,0.0,0.37142857142857144,0.15384615384615385,0.05714285714285714,0.0,0.8857142857142857,0.22580645161290322,0.05714285714285714,0.0,0.05714285714285714,0.0,0.0,0.0,0.0,0.0,0.0,0.0,0.0,0.0,0.0,0.0,0.02857142857142857,0.0,0.3142857142857143,0.18181818181818182,0.14285714285714285,0.4,0.34285714285714286,0.3333333333333333,0.11428571428571428,0.0,0.05714285714285714,0.0,0.22857142857142856,0.08571428571428572,0.4,0.6,0.0,0.0,0.0,0.0,1.0,0.0,0.0,0.0,0.0,0.0,0.0
リアルインパクト,31,サンデーサイレンス系,1971.6666666666667,0.3333333333333333,0.0,0.0,0.0,0.3333333333333333,0.0,0.3333333333333333,0.0,0.16129032258064516,0.4,0.03225806451612903,0.0,0.7741935483870968,0.08333333333333333,0.22580645161290322,0.42857142857142855,0.0,0.0,0.0,0.0,0.0,0.0,0.0,0.0,0.0,0.0,0.0,0.0,0.0,0.0,0.6129032258064516,0.10526315789473684,0.03225806451612903,0.0,0.12903225806451613,0.0,0.12903225806451613,0.0,0.0967741935483871,0.0,0.16129032258064516,0.06451612903225806,0.4,0.6,0.0,0.0,0.0,0.0,1.0,0.0,0.0,0.0,0.0,0.0,0.0
リアルスティール,138,サンデーサイレンス系,1901.111111111111,0.037037037037037035,0.0,0.16666666666666666,0.4444444444444444,0.6851851851851852,0.24324324324324326,0.1111111111111111,0.0,0.391304347826087,0.24074074074074073,0.0,0.0,0.9202898550724637,0.23622047244094488,0.050724637681159424,0.0,0.028985507246376812,0.0,0.0,0.0,0.0,0.0,0.0,0.0,0.0,0.0,0.0,0.0,0.028985507246376812,0.0,0.2898550724637681,0.2,0.11594202898550725,0.4375,0.21014492753623187,0.3103448275862069,0.21739130434782608,0.16666666666666666,0.13768115942028986,0.10526315789473684,0.2246376811594203,0.06521739130434782,0.3,0.7,0.0,0.0,0.0,0.0,1.0,0.0,0.0,0.0,0.0,0.0,0.0
リオンディーズ,147,サンデーサイレンス系,1820.0,0.15789473684210525,0.16666666666666666,0.18421052631578946,0.5714285714285714,0.5526315789473685,0.19047619047619047,0.10526315789473684,0.0,0.24489795918367346,0.2777777777777778,0.013605442176870748,0.0,0.8639455782312925,0.25984251968503935,0.10204081632653061,0.2,0.034013605442176874,0.4,0.0,0.0,0.0,0.0,0.0,0.0,0.0,0.0,0.0,0.0,0.034013605442176874,0.0,0.42857142857142855,0.19047619047619047,0.14285714285714285,0.2857142857142857,0.19047619047619047,0.39285714285714285,0.11564625850340136,0.35294117647058826,0.08163265306122448,0.16666666666666666,0.2585034013605442,0.10204081632653061,0.4,0.6,0.0,0.0,0.0,0.0,1.0,0.0,0.0,0.0,0.0,0.0,0.0
ルヴァンスレーヴ,106,サンデーサイレンス系,1700.0,0.0,0.0,0.5,0.0,0.5,0.0,0.0,0.0,0.018867924528301886,0.0,0.0,0.0,0.8867924528301887,0.3404255319148936,0.09433962264150944,0.5,0.018867924528301886,0.0,0.0,0.0,0.0,0.0,0.0,0.0,0.0,0.0,0.0,0.0,0.02830188679245283,0.0,0.32075471698113206,0.38235294117647056,0.07547169811320754,0.375,0.2358490566037736,0.4,0.25471698113207547,0.3333333333333333,0.08490566037735849,0.2222222222222222,0.3490566037735849,0.14150943396226415,0.4,0.6,0.0,0.0,0.0,0.0,1.0,0.0,0.0,0.0,0.0,0.0,0.0
ルーラーシップ,124,キングカメハメハ系,1933.3333333333333,0.044444444444444446,0.0,0.15555555555555556,0.0,0.6222222222222222,0.32142857142857145,0.17777777777777778,0.375,0.3629032258064516,0.26666666666666666,0.0,0.0,0.8790322580645161,0.22018348623853212,0.10483870967741936,0.15384615384615385,0.016129032258064516,0.0,0.0,0.0,0.0,0.0,0.0,0.0,0.0,0.0,0.0,0.0,0.008064516129032258,0.0,0.4274193548387097,0.16981132075471697,0.1693548387096774,0.2857142857142857,0.1532258064516129,0.15789473684210525,0.11290322580645161,0.14285714285714285,0.12903225806451613,0.375,0.20967741935483872,0.07258064516129033,0.5,0.5,0.0,0.0,1.0,0.0,0.0,0.0,0.0,0.0,0.0,0.0,0.0
レイデオロ,125,キングカメハメハ系,2045.0746268656717,0.014925373134328358,0.0,0.08955223880597014,0.5,0.6417910447761194,0.27906976744186046,0.2537313432835821,0.4117647058823529,0.536,0.3283582089552239,0.0,0.0,0.896,0.3125,0.088,0.45454545454545453,0.016,0.0,0.0,0.0,0.0,0.0,0.0,0.0,0.0,0.0,0.0,0.0,0.04,0.6,0.432,0.37037037037037035,0.064,0.375,0.152,0.3157894736842105,0.152,0.15789473684210525,0.16,0.3,0.328,0.12,0.5,0.5,0.0,0.0,1.0,0.0,0.0,0.0,0.0,0.0,0.0,0.0,0.0
レッドファルクス,38,サンデーサイレンス系,1557.5,0.5,0.0,0.25,0.0,0.125,0.0,0.125,0.0,0.21052631578947367,0.125,0.0,0.0,0.868421052631579,0.18181818181818182,0.10526315789473684,0.0,0.02631578947368421,0.0,0.0,0.0,0.0,0.0,0.0,0.0,0.0,0.0,0.0,0.0,0.02631578947368421,0.0,0.5263157894736842,0.45,0.05263157894736842,0.0,0.18421052631578946,0.0,0.07894736842105263,0.0,0.13157894736842105,0.0,0.23684210526315788,0.13157894736842105,0.4,0.6,0.0,0.0,0.0,0.0,1.0,0.0,0.0,0.0,0.0,0.0,0.0
ロゴタイプ,27,サンデーサイレンス系,1906.25,0.125,0.0,0.5,0.0,0.125,0.0,0.25,0.0,0.2222222222222222,0.0,0.07407407407407407,0.0,0.7037037037037037,0.05263157894736842,0.14814814814814814,0.0,0.1111111111111111,0.0,0.037037037037037035,0.0,0.0,0.0,0.0,0.0,0.0,0.0,0.0,0.0,0.037037037037037035,0.0,0.48148148148148145,0.0,0.18518518518518517,0.0,0.037037037037037035,0.0,0.1111111111111111,0.0,0.14814814814814814,0.0,0.07407407407407407,0.037037037037037035,0.4,0.6,0.0,0.0,0.0,0.0,1.0,0.0,0.0,0.0,0.0,0.0,0.0
ロジャーバローズ,38,サンデーサイレンス系,1778.5714285714287,0.21428571428571427,0.0,0.07142857142857142,0.0,0.6428571428571429,0.4444444444444444,0.07142857142857142,0.0,0.3684210526315789,0.35714285714285715,0.0,0.0,0.8947368421052632,0.17647058823529413,0.10526315789473684,0.0,0.0,0.0,0.0,0.0,0.0,0.0,0.0,0.0,0.0,0.0,0.0,0.0,0.0,0.0,0.3684210526315789,0.07142857142857142,0.05263157894736842,0.0,0.21052631578947367,0.125,0.15789473684210525,0.16666666666666666,0.21052631578947367,0.625,0.21052631578947367,0.05263157894736842,0.4,0.6,0.0,0.0,0.0,0.0,1.0,0.0,0.0,0.0,0.0,0.0,0.0
ロージズインメイRoses in May(米),26,エーピーインディ系,2900.0,0.0,0.0,0.0,0.0,0.0,0.0,1.0,0.0,0.07692307692307693,0.0,0.07692307692307693,0.0,0.8846153846153846,0.2608695652173913,0.07692307692307693,0.0,0.038461538461538464,0.0,0.0,0.0,0.0,0.0,0.0,0.0,0.0,0.0,0.0,0.0,0.038461538461538464,0.0,0.5384615384615384,0.2857142857142857,0.038461538461538464,0.0,0.07692307692307693,0.0,0.07692307692307693,0.0,0.11538461538461539,0.0,0.23076923076923078,0.038461538461538464,0.4,0.6,0.0,1.0,0.0,0.0,0.0,0.0,0.0,0.0,0.0,0.0,0.0
ロードカナロア,221,キングカメハメハ系,1667.4603174603174,0.31746031746031744,0.35,0.2698412698412698,0.17647058823529413,0.31746031746031744,0.3,0.09523809523809523,0.16666666666666666,0.27601809954751133,0.2786885245901639,0.00904977375565611,0.0,0.8552036199095022,0.3333333333333333,0.11312217194570136,0.24,0.027149321266968326,0.16666666666666666,0.004524886877828055,0.0,0.0,0.0,0.0,0.0,0.0,0.0,0.0,0.0,0.004524886877828055,0.0,0.39819004524886875,0.3068181818181818,0.13122171945701358,0.3103448275862069,0.19909502262443438,0.3409090909090909,0.14027149321266968,0.22580645161290322,0.11764705882352941,0.34615384615384615,0.3167420814479638,0.09954751131221719,1.0,0.0,0.0,0.0,1.0,0.0,0.0,0.0,0.0,0.0,0.0,0.0,0.0
ヴァンゴッホ,29,デインヒル系,1300.0,0.5,0.0,0.5,0.0,0.0,0.0,0.0,0.0,0.06896551724137931,0.0,0.0,0.0,0.8275862068965517,0.08333333333333333,0.10344827586206896,0.0,0.06896551724137931,0.0,0.0,0.0,0.0,0.0,0.0,0.0,0.0,0.0,0.0,0.0,0.0,0.0,0.2413793103448276,0.2857142857142857,0.06896551724137931,0.0,0.27586206896551724,0.0,0.3448275862068966,0.2,0.06896551724137931,0.0,0.1724137931034483,0.034482758620689655,0.4,0.6,0.0,0.0,0.0,0.0,0.0,0.0,1.0,0.0,0.0,0.0,0.0
ヴィクトワールピサ,33,サンデーサイレンス系,2382.1428571428573,0.21428571428571427,0.0,0.07142857142857142,0.0,0.14285714285714285,0.0,0.5714285714285714,0.125,0.2727272727272727,0.3333333333333333,0.15151515151515152,0.0,0.8484848484848485,0.14285714285714285,0.09090909090909091,0.0,0.06060606060606061,0.0,0.0,0.0,0.0,0.0,0.0,0.0,0.0,0.0,0.0,0.0,0.030303030303030304,0.0,0.3939393939393939,0.07692307692307693,0.21212121212121213,0.14285714285714285,0.09090909090909091,0.0,0.12121212121212122,0.0,0.09090909090909091,0.0,0.15151515151515152,0.030303030303030304,0.4,0.6,0.0,0.0,0.0,0.0,1.0,0.0,0.0,0.0,0.0,0.0,0.0
